# ************************************************************
# Sequel Pro SQL dump
# Versão 4541
#
# http://www.sequelpro.com/
# https://github.com/sequelpro/sequelpro
#
# Host: 127.0.0.1 (MySQL 5.7.18)
# Base de Dados: quaemoco_corporativo
# Tempo de Geração: 2019-03-13 12:13:27 +0000
# ************************************************************


/*!40101 SET @OLD_CHARACTER_SET_CLIENT=@@CHARACTER_SET_CLIENT */;
/*!40101 SET @OLD_CHARACTER_SET_RESULTS=@@CHARACTER_SET_RESULTS */;
/*!40101 SET @OLD_COLLATION_CONNECTION=@@COLLATION_CONNECTION */;
/*!40101 SET NAMES utf8 */;
/*!40014 SET @OLD_FOREIGN_KEY_CHECKS=@@FOREIGN_KEY_CHECKS, FOREIGN_KEY_CHECKS=0 */;
/*!40101 SET @OLD_SQL_MODE=@@SQL_MODE, SQL_MODE='NO_AUTO_VALUE_ON_ZERO' */;
/*!40111 SET @OLD_SQL_NOTES=@@SQL_NOTES, SQL_NOTES=0 */;


# Dump da tabela RL_APLICACAO_RECURSO
# ------------------------------------------------------------

DROP TABLE IF EXISTS `RL_APLICACAO_RECURSO`;

CREATE TABLE `RL_APLICACAO_RECURSO` (
  `COD_APLICACAO_CLIENTE` varchar(256) NOT NULL,
  `COD_RECURSO` int(11) NOT NULL,
  `NOM_METODO` varchar(10) NOT NULL,
  PRIMARY KEY (`COD_APLICACAO_CLIENTE`,`COD_RECURSO`,`NOM_METODO`),
  KEY `RL_APLICACAO_RECURSO_RECURSO` (`COD_RECURSO`),
  CONSTRAINT `RL_APLICACAO_RECURSO_APLICACAO_CLIENTE` FOREIGN KEY (`COD_APLICACAO_CLIENTE`) REFERENCES `TB_APLICACAO_CLIENTE` (`COD_APLICACAO_CLIENTE`),
  CONSTRAINT `RL_APLICACAO_RECURSO_RECURSO` FOREIGN KEY (`COD_RECURSO`) REFERENCES `TB_RECURSO` (`COD_RECURSO`)
) ENGINE=InnoDB DEFAULT CHARSET=latin1;

LOCK TABLES `RL_APLICACAO_RECURSO` WRITE;
/*!40000 ALTER TABLE `RL_APLICACAO_RECURSO` DISABLE KEYS */;

INSERT INTO `RL_APLICACAO_RECURSO` (`COD_APLICACAO_CLIENTE`, `COD_RECURSO`, `NOM_METODO`)
VALUES
	('ID_CORPORATIVO_knjwer7834hrf3897fh94f93844hr4398t',1,'GET');

/*!40000 ALTER TABLE `RL_APLICACAO_RECURSO` ENABLE KEYS */;
UNLOCK TABLES;


# Dump da tabela RL_PERFIL_MENU
# ------------------------------------------------------------

DROP TABLE IF EXISTS `RL_PERFIL_MENU`;

CREATE TABLE `RL_PERFIL_MENU` (
  `COD_PERFIL` int(11) NOT NULL,
  `COD_MENU` int(11) NOT NULL,
  PRIMARY KEY (`COD_PERFIL`,`COD_MENU`),
  CONSTRAINT `FK_PERFIL_MENU_PERFIL` FOREIGN KEY (`COD_PERFIL`) REFERENCES `TB_PERFIL` (`COD_PERFIL`)
) ENGINE=InnoDB DEFAULT CHARSET=latin1;

LOCK TABLES `RL_PERFIL_MENU` WRITE;
/*!40000 ALTER TABLE `RL_PERFIL_MENU` DISABLE KEYS */;

INSERT INTO `RL_PERFIL_MENU` (`COD_PERFIL`, `COD_MENU`)
VALUES
	(1,3),
	(4,4),
	(6,5),
	(6,6),
	(6,7),
	(6,8),
	(6,9),
	(6,10),
	(6,11),
	(6,12),
	(6,13),
	(7,5),
	(7,6),
	(7,7),
	(7,8),
	(7,9),
	(7,11),
	(7,12),
	(7,13);

/*!40000 ALTER TABLE `RL_PERFIL_MENU` ENABLE KEYS */;
UNLOCK TABLES;


# Dump da tabela RL_PERFIL_RECURSO
# ------------------------------------------------------------

DROP TABLE IF EXISTS `RL_PERFIL_RECURSO`;

CREATE TABLE `RL_PERFIL_RECURSO` (
  `COD_PERFIL` int(11) NOT NULL,
  `COD_RECURSO` int(11) NOT NULL,
  `NOM_METODO` varchar(10) NOT NULL,
  PRIMARY KEY (`COD_PERFIL`,`COD_RECURSO`,`NOM_METODO`),
  CONSTRAINT `RL_PERFIL_RECURSO_PERFIL` FOREIGN KEY (`COD_PERFIL`) REFERENCES `TB_PERFIL` (`COD_PERFIL`)
) ENGINE=InnoDB DEFAULT CHARSET=latin1;

LOCK TABLES `RL_PERFIL_RECURSO` WRITE;
/*!40000 ALTER TABLE `RL_PERFIL_RECURSO` DISABLE KEYS */;

INSERT INTO `RL_PERFIL_RECURSO` (`COD_PERFIL`, `COD_RECURSO`, `NOM_METODO`)
VALUES
	(1,1,'GET'),
	(1,1,'POST'),
	(1,1,'PUT'),
	(1,2,'GET'),
	(1,2,'POST'),
	(1,2,'PUT'),
	(4,4,'DELETE'),
	(4,4,'GET'),
	(4,4,'POST'),
	(4,4,'PUT'),
	(5,4,'DELETE'),
	(5,4,'GET'),
	(5,4,'POST'),
	(5,4,'PUT'),
	(6,1,'DELETE'),
	(6,1,'GET'),
	(6,1,'POST'),
	(6,1,'PUT'),
	(6,2,'GET'),
	(6,5,'GET'),
	(6,6,'GET'),
	(6,7,'GET'),
	(6,8,'GET'),
	(6,9,'DELETE'),
	(6,9,'GET'),
	(6,9,'POST'),
	(6,9,'PUT'),
	(6,10,'DELETE'),
	(6,10,'GET'),
	(6,10,'POST'),
	(6,10,'PUT'),
	(6,11,'DELETE'),
	(6,11,'GET'),
	(6,11,'POST'),
	(6,11,'PUT'),
	(6,12,'DELETE'),
	(6,12,'GET'),
	(6,12,'POST'),
	(6,12,'PUT'),
	(6,13,'DELETE'),
	(6,13,'GET'),
	(6,13,'POST'),
	(7,5,'GET'),
	(7,6,'GET'),
	(7,7,'GET'),
	(7,8,'GET'),
	(7,9,'DELETE'),
	(7,9,'GET'),
	(7,9,'POST'),
	(7,9,'PUT'),
	(7,10,'DELETE'),
	(7,10,'GET'),
	(7,10,'POST'),
	(7,10,'PUT'),
	(7,11,'DELETE'),
	(7,11,'GET'),
	(7,11,'POST'),
	(7,11,'PUT'),
	(7,12,'DELETE'),
	(7,12,'GET'),
	(7,12,'POST'),
	(7,12,'PUT'),
	(7,13,'POST');

/*!40000 ALTER TABLE `RL_PERFIL_RECURSO` ENABLE KEYS */;
UNLOCK TABLES;


# Dump da tabela RL_USUARIO_PERFIL
# ------------------------------------------------------------

DROP TABLE IF EXISTS `RL_USUARIO_PERFIL`;

CREATE TABLE `RL_USUARIO_PERFIL` (
  `COD_USUARIO` int(11) NOT NULL,
  `COD_PERFIL` int(11) NOT NULL,
  `DAT_CADASTRO` timestamp NOT NULL DEFAULT CURRENT_TIMESTAMP,
  `COD_RESPONSAVEL_CADASTRO` int(11) DEFAULT NULL,
  `DAT_ATUALIZACAO` timestamp NULL DEFAULT NULL,
  `COD_RESPONSAVEL_ATUALIZACAO` int(11) DEFAULT NULL,
  `IND_ATIVO` int(6) NOT NULL DEFAULT '1',
  `IND_EXCLUIDO` int(6) NOT NULL DEFAULT '0',
  PRIMARY KEY (`COD_USUARIO`,`COD_PERFIL`),
  KEY `COD_RESPONSAVEL_CADASTRO` (`COD_RESPONSAVEL_CADASTRO`),
  KEY `COD_RESPONSAVEL_ATUALIZACAO` (`COD_RESPONSAVEL_ATUALIZACAO`),
  KEY `FK_USUARIO_PERFIL_PERFIL` (`COD_PERFIL`),
  CONSTRAINT `FK_USUARIO_PERFIL_ATUALIZACAO` FOREIGN KEY (`COD_RESPONSAVEL_ATUALIZACAO`) REFERENCES `TB_USUARIO` (`COD_USUARIO`),
  CONSTRAINT `FK_USUARIO_PERFIL_CADASTRO` FOREIGN KEY (`COD_RESPONSAVEL_CADASTRO`) REFERENCES `TB_USUARIO` (`COD_USUARIO`),
  CONSTRAINT `FK_USUARIO_PERFIL_PERFIL` FOREIGN KEY (`COD_PERFIL`) REFERENCES `TB_PERFIL` (`COD_PERFIL`),
  CONSTRAINT `FK_USUARIO_PERFIL_USUARIO` FOREIGN KEY (`COD_USUARIO`) REFERENCES `TB_USUARIO` (`COD_USUARIO`)
) ENGINE=InnoDB DEFAULT CHARSET=latin1;

LOCK TABLES `RL_USUARIO_PERFIL` WRITE;
/*!40000 ALTER TABLE `RL_USUARIO_PERFIL` DISABLE KEYS */;

INSERT INTO `RL_USUARIO_PERFIL` (`COD_USUARIO`, `COD_PERFIL`, `DAT_CADASTRO`, `COD_RESPONSAVEL_CADASTRO`, `DAT_ATUALIZACAO`, `COD_RESPONSAVEL_ATUALIZACAO`, `IND_ATIVO`, `IND_EXCLUIDO`)
VALUES
	(1,1,'2018-08-22 20:36:13',1,'2018-09-12 20:56:10',1,1,0),
	(1,4,'2018-08-27 14:27:38',1,'2018-09-12 20:56:02',1,1,0),
	(1,6,'2018-09-12 20:54:42',1,'2019-03-02 21:35:27',1,1,0),
	(3,1,'2018-08-27 21:40:46',1,'2018-08-27 22:04:08',1,1,0),
	(3,7,'2019-03-02 22:00:31',1,'2019-03-02 22:10:07',1,1,0);

/*!40000 ALTER TABLE `RL_USUARIO_PERFIL` ENABLE KEYS */;
UNLOCK TABLES;


# Dump da tabela TB_ACCES_TOKEN
# ------------------------------------------------------------

DROP TABLE IF EXISTS `TB_ACCES_TOKEN`;

CREATE TABLE `TB_ACCES_TOKEN` (
  `DES_ACCES_TOKEN` varchar(256) NOT NULL,
  `COD_APLICACAO_CLIENTE` varchar(256) NOT NULL,
  `COD_SISTEMA` int(11) DEFAULT NULL,
  `COD_USUARIO` int(11) DEFAULT NULL,
  `NUM_TEMPO_VALIDADE` int(11) NOT NULL DEFAULT '15',
  `DES_REFRESH_TOKEN` varchar(256) DEFAULT NULL,
  `DES_TIPO_TOKEN` varchar(10) DEFAULT NULL,
  `DES_USER_AGENT` varchar(250) DEFAULT NULL,
  `DES_BROWSER` varchar(250) DEFAULT NULL,
  `DES_VERSAO_BROWSER` varchar(250) DEFAULT NULL,
  `DES_SISTEMA_OPERACIONAL` varchar(250) DEFAULT NULL,
  `DES_IP` varchar(100) DEFAULT NULL,
  `DAT_CADASTRO` timestamp NOT NULL DEFAULT CURRENT_TIMESTAMP,
  `DAT_ATUALIZACAO` timestamp NULL DEFAULT NULL,
  `IND_VALIDO` int(6) NOT NULL DEFAULT '1',
  PRIMARY KEY (`DES_ACCES_TOKEN`),
  KEY `COD_SISTEMA` (`COD_SISTEMA`),
  KEY `COD_APLICACAO_CLIENTE` (`COD_APLICACAO_CLIENTE`),
  CONSTRAINT `TB_ACCES_TOKEN_APLICACAO` FOREIGN KEY (`COD_APLICACAO_CLIENTE`) REFERENCES `TB_APLICACAO_CLIENTE` (`COD_APLICACAO_CLIENTE`),
  CONSTRAINT `TB_ACCES_TOKEN_SISTEMA` FOREIGN KEY (`COD_SISTEMA`) REFERENCES `TB_SISTEMA` (`COD_SISTEMA`)
) ENGINE=InnoDB DEFAULT CHARSET=latin1;

LOCK TABLES `TB_ACCES_TOKEN` WRITE;
/*!40000 ALTER TABLE `TB_ACCES_TOKEN` DISABLE KEYS */;

INSERT INTO `TB_ACCES_TOKEN` (`DES_ACCES_TOKEN`, `COD_APLICACAO_CLIENTE`, `COD_SISTEMA`, `COD_USUARIO`, `NUM_TEMPO_VALIDADE`, `DES_REFRESH_TOKEN`, `DES_TIPO_TOKEN`, `DES_USER_AGENT`, `DES_BROWSER`, `DES_VERSAO_BROWSER`, `DES_SISTEMA_OPERACIONAL`, `DES_IP`, `DAT_CADASTRO`, `DAT_ATUALIZACAO`, `IND_VALIDO`)
VALUES
	('dG9rZW5fZW5zaTE4MDgyNzEyMDg1NzI5','ID_CORPORATIVO_knjwer7834hrf3897fh94f93844hr4398t',2,1,-129542204,'cmVmcmVzaF9lbnNpMTgwODI3MTIwODU3Mjk=','Bearer','50990849','CHROME','68.0.3440.106','MAC_OS_X','127.0.0.1','2018-08-27 20:57:29','2019-01-15 10:00:51',1),
	('dG9rZW5fZW5zaTE4MDgyNzEyMDgwOTA4','ID_CORPORATIVO_knjwer7834hrf3897fh94f93844hr4398t',2,1,-129542204,'cmVmcmVzaF9lbnNpMTgwODI3MTIwODA5MDg=','Bearer','50990849','CHROME','68.0.3440.106','MAC_OS_X','127.0.0.1','2018-08-27 20:09:08','2018-08-27 20:55:31',1),
	('dG9rZW5fZW5zaTE4MDgyNzEzMDczODA1','ID_PONTO_dlksjfjlkERdshfkjhWdskjfhkdjshTfSkjDdshf',3,1,-129542204,'cmVmcmVzaF9lbnNpMTgwODI3MTMwNzM4MDU=','Bearer','50990849','CHROME','68.0.3440.106','MAC_OS_X','127.0.0.1','2018-08-27 19:38:05','2018-08-27 19:38:42',1),
	('dG9rZW5fZW5zaTE4MDgzMDAwMDgwMjU1','ID_CORPORATIVO_knjwer7834hrf3897fh94f93844hr4398t',2,NULL,-129542204,'cmVmcmVzaF9lbnNpMTgwODMwMDAwODAyNTU=','Bearer','50990849','CHROME','68.0.3440.106','MAC_OS_X','127.0.0.1','2018-08-30 20:02:55',NULL,1),
	('dG9rZW5fZW5zaTE4MDgzMDAwMDgwMzM4','ID_CORPORATIVO_knjwer7834hrf3897fh94f93844hr4398t',2,NULL,-129542204,'cmVmcmVzaF9lbnNpMTgwODMwMDAwODAzMzg=','Bearer','16843022','UNKNOWN',NULL,'UNKNOWN','127.0.0.1','2018-08-30 20:03:38',NULL,1),
	('dG9rZW5fZW5zaTE4MDgzMDAwMDgwMzQ5','ID_CORPORATIVO_knjwer7834hrf3897fh94f93844hr4398t',2,NULL,-129542204,'cmVmcmVzaF9lbnNpMTgwODMwMDAwODAzNDk=','Bearer','50990849','CHROME','68.0.3440.106','MAC_OS_X','127.0.0.1','2018-08-30 20:03:49',NULL,1),
	('dG9rZW5fZW5zaTE4MDgzMDAwMDgwMzUw','ID_CORPORATIVO_knjwer7834hrf3897fh94f93844hr4398t',2,NULL,-129542204,'cmVmcmVzaF9lbnNpMTgwODMwMDAwODAzNTA=','Bearer','50990849','CHROME','68.0.3440.106','MAC_OS_X','127.0.0.1','2018-08-30 20:03:50',NULL,1),
	('dG9rZW5fZW5zaTE4MDkwMzAwMDg0NDA0','ID_CORPORATIVO_knjwer7834hrf3897fh94f93844hr4398t',2,NULL,-129542204,'cmVmcmVzaF9lbnNpMTgwOTAzMDAwODQ0MDQ=','Bearer','16843022','UNKNOWN',NULL,'UNKNOWN','127.0.0.1','2018-09-03 20:44:04','2018-09-03 20:50:56',1),
	('dG9rZW5fZW5zaTE4MDkwMzAwMDg1MTIw','ID_CORPORATIVO_knjwer7834hrf3897fh94f93844hr4398t',2,NULL,-129542204,'cmVmcmVzaF9lbnNpMTgwOTAzMDAwODUxMjA=','Bearer','16843022','UNKNOWN',NULL,'UNKNOWN','127.0.0.1','2018-09-03 20:51:20','2018-09-03 20:51:20',1),
	('dG9rZW5fZW5zaTE4MDkwMzAwMDg1MTIx','ID_CORPORATIVO_knjwer7834hrf3897fh94f93844hr4398t',2,NULL,-129542204,'cmVmcmVzaF9lbnNpMTgwOTAzMDAwODUxMjE=','Bearer','16843022','UNKNOWN',NULL,'UNKNOWN','127.0.0.1','2018-09-03 20:51:21','2018-09-03 20:51:21',1),
	('dG9rZW5fZW5zaTE4MDkwMzAwMDgzODMz','ID_CORPORATIVO_knjwer7834hrf3897fh94f93844hr4398t',2,NULL,-129542204,'cmVmcmVzaF9lbnNpMTgwOTAzMDAwODM4MzM=','Bearer','16843022','UNKNOWN',NULL,'UNKNOWN','127.0.0.1','2018-09-03 20:38:33',NULL,1),
	('dG9rZW5fZW5zaTE4MDkwMzAwMDk1MDQ0','ID_CORPORATIVO_knjwer7834hrf3897fh94f93844hr4398t',2,NULL,-129542204,'cmVmcmVzaF9lbnNpMTgwOTAzMDAwOTUwNDQ=','Bearer','16843022','UNKNOWN',NULL,'UNKNOWN','127.0.0.1','2018-09-03 21:50:44','2018-09-03 21:50:44',1),
	('dG9rZW5fZW5zaTE4MDkwMzAwMDk1MDQy','ID_CORPORATIVO_knjwer7834hrf3897fh94f93844hr4398t',2,NULL,-129542204,'cmVmcmVzaF9lbnNpMTgwOTAzMDAwOTUwNDI=','Bearer','16843022','UNKNOWN',NULL,'UNKNOWN','127.0.0.1','2018-09-03 21:50:42','2018-09-03 21:50:42',1),
	('dG9rZW5fZW5zaTE4MDkwMzAwMDk1MDQz','ID_CORPORATIVO_knjwer7834hrf3897fh94f93844hr4398t',2,NULL,-129542204,'cmVmcmVzaF9lbnNpMTgwOTAzMDAwOTUwNDM=','Bearer','16843022','UNKNOWN',NULL,'UNKNOWN','127.0.0.1','2018-09-03 21:50:43','2018-09-03 21:50:43',1),
	('dG9rZW5fZW5zaTE4MDkwMzAwMDkwMTMw','ID_CORPORATIVO_knjwer7834hrf3897fh94f93844hr4398t',2,NULL,-129542204,'cmVmcmVzaF9lbnNpMTgwOTAzMDAwOTAxMzA=','Bearer','16843022','UNKNOWN',NULL,'UNKNOWN','127.0.0.1','2018-09-03 21:01:30','2018-09-03 21:01:30',1),
	('dG9rZW5fZW5zaTE4MDkwMzAwMDkwMTMx','ID_CORPORATIVO_knjwer7834hrf3897fh94f93844hr4398t',2,NULL,-129542204,'cmVmcmVzaF9lbnNpMTgwOTAzMDAwOTAxMzE=','Bearer','16843022','UNKNOWN',NULL,'UNKNOWN','127.0.0.1','2018-09-03 21:01:31','2018-09-03 21:01:31',1),
	('dG9rZW5fZW5zaTE4MDkwMzAwMDkxMjI4','ID_CORPORATIVO_knjwer7834hrf3897fh94f93844hr4398t',2,NULL,-129542204,'cmVmcmVzaF9lbnNpMTgwOTAzMDAwOTEyMjg=','Bearer','16843022','UNKNOWN',NULL,'UNKNOWN','127.0.0.1','2018-09-03 21:12:28','2018-09-03 21:12:28',1),
	('dG9rZW5fZW5zaTE4MDkwMzAwMDkxMjI5','ID_CORPORATIVO_knjwer7834hrf3897fh94f93844hr4398t',2,NULL,-129542204,'cmVmcmVzaF9lbnNpMTgwOTAzMDAwOTEyMjk=','Bearer','16843022','UNKNOWN',NULL,'UNKNOWN','127.0.0.1','2018-09-03 21:12:29','2018-09-03 21:12:29',1),
	('dG9rZW5fZW5zaTE4MDkwMzAwMDkxNzQw','ID_CORPORATIVO_knjwer7834hrf3897fh94f93844hr4398t',2,NULL,-129542204,'cmVmcmVzaF9lbnNpMTgwOTAzMDAwOTE3NDA=','Bearer','16843022','UNKNOWN',NULL,'UNKNOWN','127.0.0.1','2018-09-03 21:17:40','2018-09-03 21:17:40',1),
	('dG9rZW5fZW5zaTE4MDkwMzAwMDkxNzQx','ID_CORPORATIVO_knjwer7834hrf3897fh94f93844hr4398t',2,NULL,-129542204,'cmVmcmVzaF9lbnNpMTgwOTAzMDAwOTE3NDE=','Bearer','16843022','UNKNOWN',NULL,'UNKNOWN','127.0.0.1','2018-09-03 21:17:41','2018-09-03 21:17:41',1),
	('dG9rZW5fZW5zaTE4MDkwMzAwMDkzMTIw','ID_CORPORATIVO_knjwer7834hrf3897fh94f93844hr4398t',2,NULL,-129542204,'cmVmcmVzaF9lbnNpMTgwOTAzMDAwOTMxMjA=','Bearer','16843022','UNKNOWN',NULL,'UNKNOWN','127.0.0.1','2018-09-03 21:31:20','2018-09-03 21:31:20',1),
	('dG9rZW5fZW5zaTE4MDkwMzAwMDkzMTIx','ID_CORPORATIVO_knjwer7834hrf3897fh94f93844hr4398t',2,NULL,-129542204,'cmVmcmVzaF9lbnNpMTgwOTAzMDAwOTMxMjE=','Bearer','16843022','UNKNOWN',NULL,'UNKNOWN','127.0.0.1','2018-09-03 21:31:21','2018-09-03 21:31:21',1),
	('dG9rZW5fZW5zaTE4MDkwMzAwMDkzOTI4','ID_CORPORATIVO_knjwer7834hrf3897fh94f93844hr4398t',2,NULL,-129542204,'cmVmcmVzaF9lbnNpMTgwOTAzMDAwOTM5Mjg=','Bearer','16843022','UNKNOWN',NULL,'UNKNOWN','127.0.0.1','2018-09-03 21:39:28','2018-09-03 21:39:28',1),
	('dG9rZW5fZW5zaTE4MDkwMzAwMDkzOTI5','ID_CORPORATIVO_knjwer7834hrf3897fh94f93844hr4398t',2,NULL,-129542204,'cmVmcmVzaF9lbnNpMTgwOTAzMDAwOTM5Mjk=','Bearer','16843022','UNKNOWN',NULL,'UNKNOWN','127.0.0.1','2018-09-03 21:39:29','2018-09-03 21:39:29',1),
	('dG9rZW5fZW5zaTE4MDkwMzAwMTE0MDMy','ID_CORPORATIVO_knjwer7834hrf3897fh94f93844hr4398t',2,NULL,-129542204,'cmVmcmVzaF9lbnNpMTgwOTAzMDAxMTQwMzI=','Bearer','16843022','UNKNOWN',NULL,'UNKNOWN','127.0.0.1','2018-09-03 23:40:32','2018-09-03 23:40:32',1),
	('dG9rZW5fZW5zaTE4MDkwMzAwMTE0MDMz','ID_CORPORATIVO_knjwer7834hrf3897fh94f93844hr4398t',2,NULL,-129542204,'cmVmcmVzaF9lbnNpMTgwOTAzMDAxMTQwMzM=','Bearer','16843022','UNKNOWN',NULL,'UNKNOWN','127.0.0.1','2018-09-03 23:40:33','2018-09-03 23:40:33',1),
	('dG9rZW5fZW5zaTE4MDkwMzAwMTE0ODA5','ID_CORPORATIVO_knjwer7834hrf3897fh94f93844hr4398t',2,NULL,-129542204,'cmVmcmVzaF9lbnNpMTgwOTAzMDAxMTQ4MDk=','Bearer','16843022','UNKNOWN',NULL,'UNKNOWN','127.0.0.1','2018-09-03 23:48:09','2018-09-03 23:48:09',1),
	('dG9rZW5fZW5zaTE4MDkwMzAwMTE0ODEw','ID_CORPORATIVO_knjwer7834hrf3897fh94f93844hr4398t',2,NULL,-129542204,'cmVmcmVzaF9lbnNpMTgwOTAzMDAxMTQ4MTA=','Bearer','16843022','UNKNOWN',NULL,'UNKNOWN','127.0.0.1','2018-09-03 23:48:10','2018-09-03 23:48:10',1),
	('dG9rZW5fZW5zaTE4MDkwMzAwMTE0ODEx','ID_CORPORATIVO_knjwer7834hrf3897fh94f93844hr4398t',2,NULL,-129542204,'cmVmcmVzaF9lbnNpMTgwOTAzMDAxMTQ4MTE=','Bearer','16843022','UNKNOWN',NULL,'UNKNOWN','127.0.0.1','2018-09-03 23:48:11','2018-09-03 23:48:11',1),
	('dG9rZW5fZW5zaTE4MDkwMzAwMTE1NzEw','ID_CORPORATIVO_knjwer7834hrf3897fh94f93844hr4398t',2,NULL,-129542204,'cmVmcmVzaF9lbnNpMTgwOTAzMDAxMTU3MTA=','Bearer','16843022','UNKNOWN',NULL,'UNKNOWN','127.0.0.1','2018-09-03 23:57:10','2018-09-03 23:57:10',1),
	('dG9rZW5fZW5zaTE4MDkwMzAwMTE1NzEx','ID_CORPORATIVO_knjwer7834hrf3897fh94f93844hr4398t',2,NULL,-129542204,'cmVmcmVzaF9lbnNpMTgwOTAzMDAxMTU3MTE=','Bearer','16843022','UNKNOWN',NULL,'UNKNOWN','127.0.0.1','2018-09-03 23:57:11','2018-09-03 23:57:11',1),
	('dG9rZW5fZW5zaTE4MDkwMzAwMTEzOTA0','ID_CORPORATIVO_knjwer7834hrf3897fh94f93844hr4398t',2,NULL,-129542204,'cmVmcmVzaF9lbnNpMTgwOTAzMDAxMTM5MDQ=','Bearer','16843022','UNKNOWN',NULL,'UNKNOWN','127.0.0.1','2018-09-03 23:39:04','2018-09-03 23:39:04',1),
	('dG9rZW5fZW5zaTE4MDkwMzAwMTEzOTAy','ID_CORPORATIVO_knjwer7834hrf3897fh94f93844hr4398t',2,NULL,-129542204,'cmVmcmVzaF9lbnNpMTgwOTAzMDAxMTM5MDI=','Bearer','16843022','UNKNOWN',NULL,'UNKNOWN','127.0.0.1','2018-09-03 23:39:02','2018-09-03 23:39:02',1),
	('dG9rZW5fZW5zaTE4MDkwMzAwMTEzOTAz','ID_CORPORATIVO_knjwer7834hrf3897fh94f93844hr4398t',2,NULL,-129542204,'cmVmcmVzaF9lbnNpMTgwOTAzMDAxMTM5MDM=','Bearer','16843022','UNKNOWN',NULL,'UNKNOWN','127.0.0.1','2018-09-03 23:39:03','2018-09-03 23:39:03',1),
	('dG9rZW5fZW5zaTE4MDkwMzEzMDkxMzQy','ID_PONTO_dlksjfjlkERdshfkjhWdskjfhkdjshTfSkjDdshf',3,1,-129542204,'cmVmcmVzaF9lbnNpMTgwOTAzMTMwOTEzNDI=','Bearer','50990849','CHROME','68.0.3440.106','MAC_OS_X','127.0.0.1','2018-09-03 21:13:42','2018-09-04 22:36:20',1),
	('dG9rZW5fZW5zaTE4MDkwNDAwMDg0NTQy','ID_CORPORATIVO_knjwer7834hrf3897fh94f93844hr4398t',2,NULL,-129542204,'cmVmcmVzaF9lbnNpMTgwOTA0MDAwODQ1NDI=','Bearer','16843022','UNKNOWN',NULL,'UNKNOWN','127.0.0.1','2018-09-04 20:45:42','2018-09-04 20:45:42',1),
	('dG9rZW5fZW5zaTE4MDkwNDAwMDg0NTQz','ID_CORPORATIVO_knjwer7834hrf3897fh94f93844hr4398t',2,NULL,-129542204,'cmVmcmVzaF9lbnNpMTgwOTA0MDAwODQ1NDM=','Bearer','16843022','UNKNOWN',NULL,'UNKNOWN','127.0.0.1','2018-09-04 20:45:43','2018-09-04 20:45:43',1),
	('dG9rZW5fZW5zaTE4MDkwNDAwMDg1MTQ5','ID_CORPORATIVO_knjwer7834hrf3897fh94f93844hr4398t',2,NULL,-129542204,'cmVmcmVzaF9lbnNpMTgwOTA0MDAwODUxNDk=','Bearer','16843022','UNKNOWN',NULL,'UNKNOWN','127.0.0.1','2018-09-04 20:51:49','2018-09-04 20:51:49',1),
	('dG9rZW5fZW5zaTE4MDkwNDAwMDg1MTUw','ID_CORPORATIVO_knjwer7834hrf3897fh94f93844hr4398t',2,NULL,-129542204,'cmVmcmVzaF9lbnNpMTgwOTA0MDAwODUxNTA=','Bearer','16843022','UNKNOWN',NULL,'UNKNOWN','127.0.0.1','2018-09-04 20:51:50','2018-09-04 20:51:50',1),
	('dG9rZW5fZW5zaTE4MDkwNDAwMDg1NDA3','ID_CORPORATIVO_knjwer7834hrf3897fh94f93844hr4398t',2,NULL,-129542204,'cmVmcmVzaF9lbnNpMTgwOTA0MDAwODU0MDc=','Bearer','16843022','UNKNOWN',NULL,'UNKNOWN','127.0.0.1','2018-09-04 20:54:07','2018-09-04 20:54:07',1),
	('dG9rZW5fZW5zaTE4MDkwNDAwMDg1NDA4','ID_CORPORATIVO_knjwer7834hrf3897fh94f93844hr4398t',2,NULL,-129542204,'cmVmcmVzaF9lbnNpMTgwOTA0MDAwODU0MDg=','Bearer','16843022','UNKNOWN',NULL,'UNKNOWN','127.0.0.1','2018-09-04 20:54:08','2018-09-04 20:54:08',1),
	('dG9rZW5fZW5zaTE4MDkwNDAwMDgzOTU0','ID_CORPORATIVO_knjwer7834hrf3897fh94f93844hr4398t',2,NULL,-129542204,'cmVmcmVzaF9lbnNpMTgwOTA0MDAwODM5NTQ=','Bearer','16843022','UNKNOWN',NULL,'UNKNOWN','127.0.0.1','2018-09-04 20:39:54','2018-09-04 20:39:54',1),
	('dG9rZW5fZW5zaTE4MDkwNDAwMDgzOTU1','ID_CORPORATIVO_knjwer7834hrf3897fh94f93844hr4398t',2,NULL,-129542204,'cmVmcmVzaF9lbnNpMTgwOTA0MDAwODM5NTU=','Bearer','16843022','UNKNOWN',NULL,'UNKNOWN','127.0.0.1','2018-09-04 20:39:55','2018-09-04 20:39:55',1),
	('dG9rZW5fZW5zaTE4MDkwNDAwMDk0NDI2','ID_CORPORATIVO_knjwer7834hrf3897fh94f93844hr4398t',2,NULL,-129542204,'cmVmcmVzaF9lbnNpMTgwOTA0MDAwOTQ0MjY=','Bearer','16843022','UNKNOWN',NULL,'UNKNOWN','127.0.0.1','2018-09-04 21:44:26','2018-09-04 21:44:26',1),
	('dG9rZW5fZW5zaTE4MDkwNDAwMDk1OTU0','ID_CORPORATIVO_knjwer7834hrf3897fh94f93844hr4398t',2,NULL,-129542204,'cmVmcmVzaF9lbnNpMTgwOTA0MDAwOTU5NTQ=','Bearer','16843022','UNKNOWN',NULL,'UNKNOWN','127.0.0.1','2018-09-04 21:59:54','2018-09-04 21:59:54',1),
	('dG9rZW5fZW5zaTE4MDkwNDAwMDk1OTUz','ID_CORPORATIVO_knjwer7834hrf3897fh94f93844hr4398t',2,NULL,-129542204,'cmVmcmVzaF9lbnNpMTgwOTA0MDAwOTU5NTM=','Bearer','16843022','UNKNOWN',NULL,'UNKNOWN','127.0.0.1','2018-09-04 21:59:53','2018-09-04 21:59:53',1),
	('dG9rZW5fZW5zaTE4MDkwNDAwMDkwMzQx','ID_CORPORATIVO_knjwer7834hrf3897fh94f93844hr4398t',2,NULL,-129542204,'cmVmcmVzaF9lbnNpMTgwOTA0MDAwOTAzNDE=','Bearer','16843022','UNKNOWN',NULL,'UNKNOWN','127.0.0.1','2018-09-04 21:03:41','2018-09-04 21:03:41',1),
	('dG9rZW5fZW5zaTE4MDkwNDAwMDkwMzQy','ID_CORPORATIVO_knjwer7834hrf3897fh94f93844hr4398t',2,NULL,-129542204,'cmVmcmVzaF9lbnNpMTgwOTA0MDAwOTAzNDI=','Bearer','16843022','UNKNOWN',NULL,'UNKNOWN','127.0.0.1','2018-09-04 21:03:42','2018-09-04 21:03:42',1),
	('dG9rZW5fZW5zaTE4MDkwNDAwMDkwMzQz','ID_CORPORATIVO_knjwer7834hrf3897fh94f93844hr4398t',2,NULL,-129542204,'cmVmcmVzaF9lbnNpMTgwOTA0MDAwOTAzNDM=','Bearer','16843022','UNKNOWN',NULL,'UNKNOWN','127.0.0.1','2018-09-04 21:03:43','2018-09-04 21:03:43',1),
	('dG9rZW5fZW5zaTE4MDkwNDAwMDkwOTQx','ID_CORPORATIVO_knjwer7834hrf3897fh94f93844hr4398t',2,NULL,-129542204,'cmVmcmVzaF9lbnNpMTgwOTA0MDAwOTA5NDE=','Bearer','16843022','UNKNOWN',NULL,'UNKNOWN','127.0.0.1','2018-09-04 21:09:41','2018-09-04 21:09:41',1),
	('dG9rZW5fZW5zaTE4MDkwNDAwMDkwOTQy','ID_CORPORATIVO_knjwer7834hrf3897fh94f93844hr4398t',2,NULL,-129542204,'cmVmcmVzaF9lbnNpMTgwOTA0MDAwOTA5NDI=','Bearer','16843022','UNKNOWN',NULL,'UNKNOWN','127.0.0.1','2018-09-04 21:09:42','2018-09-04 21:09:42',1),
	('dG9rZW5fZW5zaTE4MDkwNDAwMDkwOTQz','ID_CORPORATIVO_knjwer7834hrf3897fh94f93844hr4398t',2,NULL,-129542204,'cmVmcmVzaF9lbnNpMTgwOTA0MDAwOTA5NDM=','Bearer','16843022','UNKNOWN',NULL,'UNKNOWN','127.0.0.1','2018-09-04 21:09:43','2018-09-04 21:09:43',1),
	('dG9rZW5fZW5zaTE4MDkwNDAwMDkxNTQ2','ID_CORPORATIVO_knjwer7834hrf3897fh94f93844hr4398t',2,NULL,-129542204,'cmVmcmVzaF9lbnNpMTgwOTA0MDAwOTE1NDY=','Bearer','16843022','UNKNOWN',NULL,'UNKNOWN','127.0.0.1','2018-09-04 21:15:46','2018-09-04 21:15:46',1),
	('dG9rZW5fZW5zaTE4MDkwNDAwMDkxNTQ3','ID_CORPORATIVO_knjwer7834hrf3897fh94f93844hr4398t',2,NULL,-129542204,'cmVmcmVzaF9lbnNpMTgwOTA0MDAwOTE1NDc=','Bearer','16843022','UNKNOWN',NULL,'UNKNOWN','127.0.0.1','2018-09-04 21:15:47','2018-09-04 21:15:47',1),
	('dG9rZW5fZW5zaTE4MDkwNDAwMDkyNDQ2','ID_CORPORATIVO_knjwer7834hrf3897fh94f93844hr4398t',2,NULL,-129542204,'cmVmcmVzaF9lbnNpMTgwOTA0MDAwOTI0NDY=','Bearer','16843022','UNKNOWN',NULL,'UNKNOWN','127.0.0.1','2018-09-04 21:24:46','2018-09-04 21:24:46',1),
	('dG9rZW5fZW5zaTE4MDkwNDAwMDkyNDQ3','ID_CORPORATIVO_knjwer7834hrf3897fh94f93844hr4398t',2,NULL,-129542204,'cmVmcmVzaF9lbnNpMTgwOTA0MDAwOTI0NDc=','Bearer','16843022','UNKNOWN',NULL,'UNKNOWN','127.0.0.1','2018-09-04 21:24:47','2018-09-04 21:24:47',1),
	('dG9rZW5fZW5zaTE4MDkwNDAwMDkyNjA2','ID_CORPORATIVO_knjwer7834hrf3897fh94f93844hr4398t',2,NULL,-129542204,'cmVmcmVzaF9lbnNpMTgwOTA0MDAwOTI2MDY=','Bearer','16843022','UNKNOWN',NULL,'UNKNOWN','127.0.0.1','2018-09-04 21:26:06','2018-09-04 21:26:06',1),
	('dG9rZW5fZW5zaTE4MDkwNDAwMDkyNjA3','ID_CORPORATIVO_knjwer7834hrf3897fh94f93844hr4398t',2,NULL,-129542204,'cmVmcmVzaF9lbnNpMTgwOTA0MDAwOTI2MDc=','Bearer','16843022','UNKNOWN',NULL,'UNKNOWN','127.0.0.1','2018-09-04 21:26:07','2018-09-04 21:26:07',1),
	('dG9rZW5fZW5zaTE4MDkwNDAwMDkyODA0','ID_CORPORATIVO_knjwer7834hrf3897fh94f93844hr4398t',2,NULL,-129542204,'cmVmcmVzaF9lbnNpMTgwOTA0MDAwOTI4MDQ=','Bearer','16843022','UNKNOWN',NULL,'UNKNOWN','127.0.0.1','2018-09-04 21:28:04','2018-09-04 21:28:04',1),
	('dG9rZW5fZW5zaTE4MDkwNDAwMDkyODA1','ID_CORPORATIVO_knjwer7834hrf3897fh94f93844hr4398t',2,NULL,-129542204,'cmVmcmVzaF9lbnNpMTgwOTA0MDAwOTI4MDU=','Bearer','16843022','UNKNOWN',NULL,'UNKNOWN','127.0.0.1','2018-09-04 21:28:05','2018-09-04 21:28:05',1),
	('dG9rZW5fZW5zaTE4MDkwNDAwMDkyODAz','ID_CORPORATIVO_knjwer7834hrf3897fh94f93844hr4398t',2,NULL,-129542204,'cmVmcmVzaF9lbnNpMTgwOTA0MDAwOTI4MDM=','Bearer','16843022','UNKNOWN',NULL,'UNKNOWN','127.0.0.1','2018-09-04 21:28:03','2018-09-04 21:28:03',1),
	('dG9rZW5fZW5zaTE4MDkwNDAwMDkyOTA5','ID_CORPORATIVO_knjwer7834hrf3897fh94f93844hr4398t',2,NULL,-129542204,'cmVmcmVzaF9lbnNpMTgwOTA0MDAwOTI5MDk=','Bearer','16843022','UNKNOWN',NULL,'UNKNOWN','127.0.0.1','2018-09-04 21:29:09','2018-09-04 21:29:09',1),
	('dG9rZW5fZW5zaTE4MDkwNDAwMDkyOTEw','ID_CORPORATIVO_knjwer7834hrf3897fh94f93844hr4398t',2,NULL,-129542204,'cmVmcmVzaF9lbnNpMTgwOTA0MDAwOTI5MTA=','Bearer','16843022','UNKNOWN',NULL,'UNKNOWN','127.0.0.1','2018-09-04 21:29:10','2018-09-04 21:29:10',1),
	('dG9rZW5fZW5zaTE4MDkwNDAwMDkzMjQ5','ID_CORPORATIVO_knjwer7834hrf3897fh94f93844hr4398t',2,NULL,-129542204,'cmVmcmVzaF9lbnNpMTgwOTA0MDAwOTMyNDk=','Bearer','16843022','UNKNOWN',NULL,'UNKNOWN','127.0.0.1','2018-09-04 21:32:49','2018-09-04 21:32:49',1),
	('dG9rZW5fZW5zaTE4MDkwNDAwMDkzMjUw','ID_CORPORATIVO_knjwer7834hrf3897fh94f93844hr4398t',2,NULL,-129542204,'cmVmcmVzaF9lbnNpMTgwOTA0MDAwOTMyNTA=','Bearer','16843022','UNKNOWN',NULL,'UNKNOWN','127.0.0.1','2018-09-04 21:32:50','2018-09-04 21:32:50',1),
	('dG9rZW5fZW5zaTE4MDkwNDAwMDkzODE1','ID_CORPORATIVO_knjwer7834hrf3897fh94f93844hr4398t',2,NULL,-129542204,'cmVmcmVzaF9lbnNpMTgwOTA0MDAwOTM4MTU=','Bearer','16843022','UNKNOWN',NULL,'UNKNOWN','127.0.0.1','2018-09-04 21:38:15','2018-09-04 21:38:15',1),
	('dG9rZW5fZW5zaTE4MDkwNDAwMDkzODE2','ID_CORPORATIVO_knjwer7834hrf3897fh94f93844hr4398t',2,NULL,-129542204,'cmVmcmVzaF9lbnNpMTgwOTA0MDAwOTM4MTY=','Bearer','16843022','UNKNOWN',NULL,'UNKNOWN','127.0.0.1','2018-09-04 21:38:16','2018-09-04 21:38:16',1),
	('dG9rZW5fZW5zaTE4MDkwNDAwMDkzOTQ0','ID_CORPORATIVO_knjwer7834hrf3897fh94f93844hr4398t',2,NULL,-129542204,'cmVmcmVzaF9lbnNpMTgwOTA0MDAwOTM5NDQ=','Bearer','16843022','UNKNOWN',NULL,'UNKNOWN','127.0.0.1','2018-09-04 21:39:44','2018-09-04 21:39:44',1),
	('dG9rZW5fZW5zaTE4MDkwNDAwMDkzOTQy','ID_CORPORATIVO_knjwer7834hrf3897fh94f93844hr4398t',2,NULL,-129542204,'cmVmcmVzaF9lbnNpMTgwOTA0MDAwOTM5NDI=','Bearer','16843022','UNKNOWN',NULL,'UNKNOWN','127.0.0.1','2018-09-04 21:39:42','2018-09-04 21:39:42',1),
	('dG9rZW5fZW5zaTE4MDkwNDAwMDkzOTQz','ID_CORPORATIVO_knjwer7834hrf3897fh94f93844hr4398t',2,NULL,-129542204,'cmVmcmVzaF9lbnNpMTgwOTA0MDAwOTM5NDM=','Bearer','16843022','UNKNOWN',NULL,'UNKNOWN','127.0.0.1','2018-09-04 21:39:43','2018-09-04 21:39:43',1),
	('dG9rZW5fZW5zaTE4MDkwNDAwMTAwMTA0','ID_CORPORATIVO_knjwer7834hrf3897fh94f93844hr4398t',2,NULL,-129542204,'cmVmcmVzaF9lbnNpMTgwOTA0MDAxMDAxMDQ=','Bearer','16843022','UNKNOWN',NULL,'UNKNOWN','127.0.0.1','2018-09-04 22:01:04','2018-09-04 22:01:04',1),
	('dG9rZW5fZW5zaTE4MDkwNDAwMTAwMTA1','ID_CORPORATIVO_knjwer7834hrf3897fh94f93844hr4398t',2,NULL,-129542204,'cmVmcmVzaF9lbnNpMTgwOTA0MDAxMDAxMDU=','Bearer','16843022','UNKNOWN',NULL,'UNKNOWN','127.0.0.1','2018-09-04 22:01:05','2018-09-04 22:01:05',1),
	('dG9rZW5fZW5zaTE4MDkwNDAwMTAwNDQz','ID_CORPORATIVO_knjwer7834hrf3897fh94f93844hr4398t',2,NULL,-129542204,'cmVmcmVzaF9lbnNpMTgwOTA0MDAxMDA0NDM=','Bearer','16843022','UNKNOWN',NULL,'UNKNOWN','127.0.0.1','2018-09-04 22:04:43','2018-09-04 22:04:43',1),
	('dG9rZW5fZW5zaTE4MDkwNDAwMTAwNzI2','ID_CORPORATIVO_knjwer7834hrf3897fh94f93844hr4398t',2,NULL,-129542204,'cmVmcmVzaF9lbnNpMTgwOTA0MDAxMDA3MjY=','Bearer','16843022','UNKNOWN',NULL,'UNKNOWN','127.0.0.1','2018-09-04 22:07:26','2018-09-04 22:07:26',1),
	('dG9rZW5fZW5zaTE4MDkwNDAwMTAwNzI3','ID_CORPORATIVO_knjwer7834hrf3897fh94f93844hr4398t',2,NULL,-129542204,'cmVmcmVzaF9lbnNpMTgwOTA0MDAxMDA3Mjc=','Bearer','16843022','UNKNOWN',NULL,'UNKNOWN','127.0.0.1','2018-09-04 22:07:27','2018-09-04 22:07:27',1),
	('dG9rZW5fZW5zaTE4MDkwNDAwMTAwNzI4','ID_CORPORATIVO_knjwer7834hrf3897fh94f93844hr4398t',2,NULL,-129542204,'cmVmcmVzaF9lbnNpMTgwOTA0MDAxMDA3Mjg=','Bearer','16843022','UNKNOWN',NULL,'UNKNOWN','127.0.0.1','2018-09-04 22:07:28','2018-09-04 22:07:28',1),
	('dG9rZW5fZW5zaTE4MDkwNDAwMTAwOTA1','ID_CORPORATIVO_knjwer7834hrf3897fh94f93844hr4398t',2,NULL,-129542204,'cmVmcmVzaF9lbnNpMTgwOTA0MDAxMDA5MDU=','Bearer','16843022','UNKNOWN',NULL,'UNKNOWN','127.0.0.1','2018-09-04 22:09:05','2018-09-04 22:09:05',1),
	('dG9rZW5fZW5zaTE4MDkwNDAwMTAwOTA2','ID_CORPORATIVO_knjwer7834hrf3897fh94f93844hr4398t',2,NULL,-129542204,'cmVmcmVzaF9lbnNpMTgwOTA0MDAxMDA5MDY=','Bearer','16843022','UNKNOWN',NULL,'UNKNOWN','127.0.0.1','2018-09-04 22:09:06','2018-09-04 22:09:06',1),
	('dG9rZW5fZW5zaTE4MDkwNDAwMTAxMDE5','ID_CORPORATIVO_knjwer7834hrf3897fh94f93844hr4398t',2,NULL,-129542204,'cmVmcmVzaF9lbnNpMTgwOTA0MDAxMDEwMTk=','Bearer','16843022','UNKNOWN',NULL,'UNKNOWN','127.0.0.1','2018-09-04 22:10:19','2018-09-04 22:10:19',1),
	('dG9rZW5fZW5zaTE4MDkwNDAwMTAxMDIw','ID_CORPORATIVO_knjwer7834hrf3897fh94f93844hr4398t',2,NULL,-129542204,'cmVmcmVzaF9lbnNpMTgwOTA0MDAxMDEwMjA=','Bearer','16843022','UNKNOWN',NULL,'UNKNOWN','127.0.0.1','2018-09-04 22:10:20','2018-09-04 22:10:20',1),
	('dG9rZW5fZW5zaTE4MDkwNDAwMTAxMTU0','ID_CORPORATIVO_knjwer7834hrf3897fh94f93844hr4398t',2,NULL,-129542204,'cmVmcmVzaF9lbnNpMTgwOTA0MDAxMDExNTQ=','Bearer','16843022','UNKNOWN',NULL,'UNKNOWN','127.0.0.1','2018-09-04 22:11:54','2018-09-04 22:11:54',1),
	('dG9rZW5fZW5zaTE4MDkwNDAwMTAxMTUz','ID_CORPORATIVO_knjwer7834hrf3897fh94f93844hr4398t',2,NULL,-129542204,'cmVmcmVzaF9lbnNpMTgwOTA0MDAxMDExNTM=','Bearer','16843022','UNKNOWN',NULL,'UNKNOWN','127.0.0.1','2018-09-04 22:11:53','2018-09-04 22:11:53',1),
	('dG9rZW5fZW5zaTE4MDkwNDAwMTAxMzM4','ID_CORPORATIVO_knjwer7834hrf3897fh94f93844hr4398t',2,NULL,-129542204,'cmVmcmVzaF9lbnNpMTgwOTA0MDAxMDEzMzg=','Bearer','16843022','UNKNOWN',NULL,'UNKNOWN','127.0.0.1','2018-09-04 22:13:38','2018-09-04 22:13:38',1),
	('dG9rZW5fZW5zaTE4MDkwNDAwMTAzNjEw','ID_CORPORATIVO_knjwer7834hrf3897fh94f93844hr4398t',2,NULL,-129542204,'cmVmcmVzaF9lbnNpMTgwOTA0MDAxMDM2MTA=','Bearer','16843022','UNKNOWN',NULL,'UNKNOWN','127.0.0.1','2018-09-04 22:36:10','2018-09-04 22:36:10',1),
	('dG9rZW5fZW5zaTE4MDkwNDAwMTAzNjEx','ID_CORPORATIVO_knjwer7834hrf3897fh94f93844hr4398t',2,NULL,-129542204,'cmVmcmVzaF9lbnNpMTgwOTA0MDAxMDM2MTE=','Bearer','16843022','UNKNOWN',NULL,'UNKNOWN','127.0.0.1','2018-09-04 22:36:11','2018-09-04 22:36:11',1),
	('dG9rZW5fZW5zaTE4MDkwNDAwMTIyMjMx','ID_CORPORATIVO_knjwer7834hrf3897fh94f93844hr4398t',2,NULL,-129542204,'cmVmcmVzaF9lbnNpMTgwOTA0MDAxMjIyMzE=','Bearer','16843022','UNKNOWN',NULL,'UNKNOWN','127.0.0.1','2018-09-04 00:22:31','2018-09-04 00:22:31',1),
	('dG9rZW5fZW5zaTE4MDkwNDAwMTIyMjMy','ID_CORPORATIVO_knjwer7834hrf3897fh94f93844hr4398t',2,NULL,-129542204,'cmVmcmVzaF9lbnNpMTgwOTA0MDAxMjIyMzI=','Bearer','16843022','UNKNOWN',NULL,'UNKNOWN','127.0.0.1','2018-09-04 00:22:32','2018-09-04 00:22:32',1),
	('dG9rZW5fZW5zaTE4MDkwNDAwMTIyNDA4','ID_CORPORATIVO_knjwer7834hrf3897fh94f93844hr4398t',2,NULL,-129542204,'cmVmcmVzaF9lbnNpMTgwOTA0MDAxMjI0MDg=','Bearer','16843022','UNKNOWN',NULL,'UNKNOWN','127.0.0.1','2018-09-04 00:24:08','2018-09-04 00:24:08',1),
	('dG9rZW5fZW5zaTE4MDkwNDAwMTIyNDA5','ID_CORPORATIVO_knjwer7834hrf3897fh94f93844hr4398t',2,NULL,-129542204,'cmVmcmVzaF9lbnNpMTgwOTA0MDAxMjI0MDk=','Bearer','16843022','UNKNOWN',NULL,'UNKNOWN','127.0.0.1','2018-09-04 00:24:09','2018-09-04 00:24:09',1),
	('dG9rZW5fZW5zaTE4MDkwNDAwMTIyNjU3','ID_CORPORATIVO_knjwer7834hrf3897fh94f93844hr4398t',2,NULL,-129542204,'cmVmcmVzaF9lbnNpMTgwOTA0MDAxMjI2NTc=','Bearer','16843022','UNKNOWN',NULL,'UNKNOWN','127.0.0.1','2018-09-04 00:26:57','2018-09-04 00:26:57',1),
	('dG9rZW5fZW5zaTE4MDkwNDAwMTIyNjU4','ID_CORPORATIVO_knjwer7834hrf3897fh94f93844hr4398t',2,NULL,-129542204,'cmVmcmVzaF9lbnNpMTgwOTA0MDAxMjI2NTg=','Bearer','16843022','UNKNOWN',NULL,'UNKNOWN','127.0.0.1','2018-09-04 00:26:58','2018-09-04 00:26:58',1),
	('dG9rZW5fZW5zaTE4MDkwNDAwMTIyNTQ1','ID_CORPORATIVO_knjwer7834hrf3897fh94f93844hr4398t',2,NULL,-129542204,'cmVmcmVzaF9lbnNpMTgwOTA0MDAxMjI1NDU=','Bearer','16843022','UNKNOWN',NULL,'UNKNOWN','127.0.0.1','2018-09-04 00:25:45','2018-09-04 00:25:46',1),
	('dG9rZW5fZW5zaTE4MDkwNDAwMTIyNTQ2','ID_CORPORATIVO_knjwer7834hrf3897fh94f93844hr4398t',2,NULL,-129542204,'cmVmcmVzaF9lbnNpMTgwOTA0MDAxMjI1NDY=','Bearer','16843022','UNKNOWN',NULL,'UNKNOWN','127.0.0.1','2018-09-04 00:25:46','2018-09-04 00:25:46',1),
	('dG9rZW5fZW5zaTE4MDkwNDAwMTIzMDEx','ID_CORPORATIVO_knjwer7834hrf3897fh94f93844hr4398t',2,NULL,-129542204,'cmVmcmVzaF9lbnNpMTgwOTA0MDAxMjMwMTE=','Bearer','16843022','UNKNOWN',NULL,'UNKNOWN','127.0.0.1','2018-09-04 00:30:11','2018-09-04 00:30:11',1),
	('dG9rZW5fZW5zaTE4MDkwNDAwMTIzMDEy','ID_CORPORATIVO_knjwer7834hrf3897fh94f93844hr4398t',2,NULL,-129542204,'cmVmcmVzaF9lbnNpMTgwOTA0MDAxMjMwMTI=','Bearer','16843022','UNKNOWN',NULL,'UNKNOWN','127.0.0.1','2018-09-04 00:30:12','2018-09-04 00:30:12',1),
	('dG9rZW5fZW5zaTE4MDkwNDAwMTIzMTM4','ID_CORPORATIVO_knjwer7834hrf3897fh94f93844hr4398t',2,NULL,-129542204,'cmVmcmVzaF9lbnNpMTgwOTA0MDAxMjMxMzg=','Bearer','16843022','UNKNOWN',NULL,'UNKNOWN','127.0.0.1','2018-09-04 00:31:38','2018-09-04 00:31:38',1),
	('dG9rZW5fZW5zaTE4MDkwNDAwMTIzMTM5','ID_CORPORATIVO_knjwer7834hrf3897fh94f93844hr4398t',2,NULL,-129542204,'cmVmcmVzaF9lbnNpMTgwOTA0MDAxMjMxMzk=','Bearer','16843022','UNKNOWN',NULL,'UNKNOWN','127.0.0.1','2018-09-04 00:31:39','2018-09-04 00:31:39',1),
	('dG9rZW5fZW5zaTE4MDkwNDAwMTIzMTQw','ID_CORPORATIVO_knjwer7834hrf3897fh94f93844hr4398t',2,NULL,-129542204,'cmVmcmVzaF9lbnNpMTgwOTA0MDAxMjMxNDA=','Bearer','16843022','UNKNOWN',NULL,'UNKNOWN','127.0.0.1','2018-09-04 00:31:40','2018-09-04 00:31:40',1),
	('dG9rZW5fZW5zaTE4MDkxMjAwMDg0NTIz','ID_CORPORATIVO_knjwer7834hrf3897fh94f93844hr4398t',2,NULL,-129542204,'cmVmcmVzaF9lbnNpMTgwOTEyMDAwODQ1MjM=','Bearer','50990849','CHROME','68.0.3440.106','MAC_OS_X','127.0.0.1','2018-09-12 20:45:24',NULL,1),
	('dG9rZW5fZW5zaTE4MDkxMjAwMDkwOTU4','ID_CORPORATIVO_knjwer7834hrf3897fh94f93844hr4398t',2,NULL,-129542204,'cmVmcmVzaF9lbnNpMTgwOTEyMDAwOTA5NTg=','Bearer','16843022','UNKNOWN',NULL,'UNKNOWN','127.0.0.1','2018-09-12 21:09:59','2018-09-12 21:09:59',1),
	('dG9rZW5fZW5zaTE4MDkxMjAwMDkwOTU5','ID_CORPORATIVO_knjwer7834hrf3897fh94f93844hr4398t',2,NULL,-129542204,'cmVmcmVzaF9lbnNpMTgwOTEyMDAwOTA5NTk=','Bearer','16843022','UNKNOWN',NULL,'UNKNOWN','127.0.0.1','2018-09-12 21:09:59','2018-09-12 21:09:59',1),
	('dG9rZW5fZW5zaTE4MDkxMjAwMDkxMDAw','ID_CORPORATIVO_knjwer7834hrf3897fh94f93844hr4398t',2,NULL,-129542204,'cmVmcmVzaF9lbnNpMTgwOTEyMDAwOTEwMDA=','Bearer','16843022','UNKNOWN',NULL,'UNKNOWN','127.0.0.1','2018-09-12 21:10:00','2018-09-12 21:10:00',1),
	('dG9rZW5fZW5zaTE4MDkxMjAwMDkyMzA0','ID_CORPORATIVO_knjwer7834hrf3897fh94f93844hr4398t',2,NULL,-129542204,'cmVmcmVzaF9lbnNpMTgwOTEyMDAwOTIzMDQ=','Bearer','16843022','UNKNOWN',NULL,'UNKNOWN','127.0.0.1','2018-09-12 21:23:04','2018-09-12 21:23:04',1),
	('dG9rZW5fZW5zaTE4MDkxMjAwMDkyMzAz','ID_CORPORATIVO_knjwer7834hrf3897fh94f93844hr4398t',2,NULL,-129542204,'cmVmcmVzaF9lbnNpMTgwOTEyMDAwOTIzMDM=','Bearer','16843022','UNKNOWN',NULL,'UNKNOWN','127.0.0.1','2018-09-12 21:23:03','2018-09-12 21:23:03',1),
	('dG9rZW5fZW5zaTE4MDkxMjAwMTE0NjM4','ID_CORPORATIVO_knjwer7834hrf3897fh94f93844hr4398t',2,NULL,-129542204,'cmVmcmVzaF9lbnNpMTgwOTEyMDAxMTQ2Mzg=','Bearer','16843022','UNKNOWN',NULL,'UNKNOWN','127.0.0.1','2018-09-12 23:46:38','2018-09-12 23:46:38',1),
	('dG9rZW5fZW5zaTE4MDkxMjAwMTE0NjM5','ID_CORPORATIVO_knjwer7834hrf3897fh94f93844hr4398t',2,NULL,-129542204,'cmVmcmVzaF9lbnNpMTgwOTEyMDAxMTQ2Mzk=','Bearer','16843022','UNKNOWN',NULL,'UNKNOWN','127.0.0.1','2018-09-12 23:46:39','2018-09-12 23:46:39',1),
	('dG9rZW5fZW5zaTE4MDkxMjE0MDkxMTM2','ID_SCAF_cj4XjHXNSRmL3TWQcgoEOW3220BFonJsEO7RAmCIc',4,1,-129542204,'cmVmcmVzaF9lbnNpMTgwOTEyMTQwOTExMzY=','Bearer','50990849','CHROME','68.0.3440.106','MAC_OS_X','127.0.0.1','2018-09-12 21:11:36','2018-09-19 18:54:55',1),
	('dG9rZW5fZW5zaTE4MDkxMjEyMDg0NjA1','ID_CORPORATIVO_knjwer7834hrf3897fh94f93844hr4398t',2,1,-129542204,'cmVmcmVzaF9lbnNpMTgwOTEyMTIwODQ2MDU=','Bearer','50990849','CHROME','68.0.3440.106','MAC_OS_X','127.0.0.1','2018-09-12 20:46:05','2019-01-15 10:39:12',1),
	('dG9rZW5fZW5zaTE4MDkxMzAwMDE0MjU0','ID_CORPORATIVO_knjwer7834hrf3897fh94f93844hr4398t',2,NULL,-129542204,'cmVmcmVzaF9lbnNpMTgwOTEzMDAwMTQyNTQ=','Bearer','16843022','UNKNOWN',NULL,'UNKNOWN','127.0.0.1','2018-09-13 13:42:54','2018-09-13 13:42:55',1),
	('dG9rZW5fZW5zaTE4MDkxMzAwMDE0MjU1','ID_CORPORATIVO_knjwer7834hrf3897fh94f93844hr4398t',2,NULL,-129542204,'cmVmcmVzaF9lbnNpMTgwOTEzMDAwMTQyNTU=','Bearer','16843022','UNKNOWN',NULL,'UNKNOWN','127.0.0.1','2018-09-13 13:42:55','2018-09-13 13:42:56',1),
	('dG9rZW5fZW5zaTE4MDkxMzAwMDE0MjU2','ID_CORPORATIVO_knjwer7834hrf3897fh94f93844hr4398t',2,NULL,-129542204,'cmVmcmVzaF9lbnNpMTgwOTEzMDAwMTQyNTY=','Bearer','16843022','UNKNOWN',NULL,'UNKNOWN','127.0.0.1','2018-09-13 13:42:56','2018-09-13 13:42:56',1),
	('dG9rZW5fZW5zaTE4MDkxMzAwMDE1NDU0','ID_CORPORATIVO_knjwer7834hrf3897fh94f93844hr4398t',2,NULL,-129542204,'cmVmcmVzaF9lbnNpMTgwOTEzMDAwMTU0NTQ=','Bearer','16843022','UNKNOWN',NULL,'UNKNOWN','127.0.0.1','2018-09-13 13:54:54','2018-09-13 13:54:54',1),
	('dG9rZW5fZW5zaTE4MDkxMzAwMDE1NDUy','ID_CORPORATIVO_knjwer7834hrf3897fh94f93844hr4398t',2,NULL,-129542204,'cmVmcmVzaF9lbnNpMTgwOTEzMDAwMTU0NTI=','Bearer','16843022','UNKNOWN',NULL,'UNKNOWN','127.0.0.1','2018-09-13 13:54:52','2018-09-13 13:54:53',1),
	('dG9rZW5fZW5zaTE4MDkxMzAwMDE1NDUz','ID_CORPORATIVO_knjwer7834hrf3897fh94f93844hr4398t',2,NULL,-129542204,'cmVmcmVzaF9lbnNpMTgwOTEzMDAwMTU0NTM=','Bearer','16843022','UNKNOWN',NULL,'UNKNOWN','127.0.0.1','2018-09-13 13:54:53','2018-09-13 13:54:53',1),
	('dG9rZW5fZW5zaTE4MDkxMzAwMDE1NTU2','ID_CORPORATIVO_knjwer7834hrf3897fh94f93844hr4398t',2,NULL,-129542204,'cmVmcmVzaF9lbnNpMTgwOTEzMDAwMTU1NTY=','Bearer','16843022','UNKNOWN',NULL,'UNKNOWN','127.0.0.1','2018-09-13 13:55:56','2018-09-13 13:55:56',1),
	('dG9rZW5fZW5zaTE4MDkxMzAwMDE1NTU3','ID_CORPORATIVO_knjwer7834hrf3897fh94f93844hr4398t',2,NULL,-129542204,'cmVmcmVzaF9lbnNpMTgwOTEzMDAwMTU1NTc=','Bearer','16843022','UNKNOWN',NULL,'UNKNOWN','127.0.0.1','2018-09-13 13:55:57','2018-09-13 13:55:57',1),
	('dG9rZW5fZW5zaTE4MDkxMzAwMDE1NTU4','ID_CORPORATIVO_knjwer7834hrf3897fh94f93844hr4398t',2,NULL,-129542204,'cmVmcmVzaF9lbnNpMTgwOTEzMDAwMTU1NTg=','Bearer','16843022','UNKNOWN',NULL,'UNKNOWN','127.0.0.1','2018-09-13 13:55:58','2018-09-13 14:00:57',1),
	('dG9rZW5fZW5zaTE4MDkxMzAwMDIwNjQ2','ID_CORPORATIVO_knjwer7834hrf3897fh94f93844hr4398t',2,NULL,-129542204,'cmVmcmVzaF9lbnNpMTgwOTEzMDAwMjA2NDY=','Bearer','16843022','UNKNOWN',NULL,'UNKNOWN','127.0.0.1','2018-09-13 14:06:47','2018-09-13 14:06:47',1),
	('dG9rZW5fZW5zaTE4MDkxMzAwMDIwNjQ4','ID_CORPORATIVO_knjwer7834hrf3897fh94f93844hr4398t',2,NULL,-129542204,'cmVmcmVzaF9lbnNpMTgwOTEzMDAwMjA2NDg=','Bearer','16843022','UNKNOWN',NULL,'UNKNOWN','127.0.0.1','2018-09-13 14:06:48','2018-09-13 14:06:48',1),
	('dG9rZW5fZW5zaTE4MDkxMzAwMDIwNjQ5','ID_CORPORATIVO_knjwer7834hrf3897fh94f93844hr4398t',2,NULL,-129542204,'cmVmcmVzaF9lbnNpMTgwOTEzMDAwMjA2NDk=','Bearer','16843022','UNKNOWN',NULL,'UNKNOWN','127.0.0.1','2018-09-13 14:06:49','2018-09-13 14:06:49',1),
	('dG9rZW5fZW5zaTE4MDkxMzAwMDIxMzUw','ID_CORPORATIVO_knjwer7834hrf3897fh94f93844hr4398t',2,NULL,-129542204,'cmVmcmVzaF9lbnNpMTgwOTEzMDAwMjEzNTA=','Bearer','16843022','UNKNOWN',NULL,'UNKNOWN','127.0.0.1','2018-09-13 14:13:50','2018-09-13 14:13:50',1),
	('dG9rZW5fZW5zaTE4MDkxMzAwMDIxMzUx','ID_CORPORATIVO_knjwer7834hrf3897fh94f93844hr4398t',2,NULL,-129542204,'cmVmcmVzaF9lbnNpMTgwOTEzMDAwMjEzNTE=','Bearer','16843022','UNKNOWN',NULL,'UNKNOWN','127.0.0.1','2018-09-13 14:13:51','2018-09-13 14:13:51',1),
	('dG9rZW5fZW5zaTE4MDkxMzAwMDIxMzUy','ID_CORPORATIVO_knjwer7834hrf3897fh94f93844hr4398t',2,NULL,-129542204,'cmVmcmVzaF9lbnNpMTgwOTEzMDAwMjEzNTI=','Bearer','16843022','UNKNOWN',NULL,'UNKNOWN','127.0.0.1','2018-09-13 14:13:52','2018-09-13 14:13:52',1),
	('dG9rZW5fZW5zaTE4MDkxMzE0MDc0ODM3','ID_SCAF_cj4XjHXNSRmL3TWQcgoEOW3220BFonJsEO7RAmCIc',4,1,-129542204,'cmVmcmVzaF9lbnNpMTgwOTEzMTQwNzQ4Mzc=','Bearer','50990849','CHROME','68.0.3440.106','MAC_OS_X','127.0.0.1','2018-09-13 19:48:38',NULL,1),
	('dG9rZW5fZW5zaTE4MDkxMzE0MDc1MDU3','ID_SCAF_cj4XjHXNSRmL3TWQcgoEOW3220BFonJsEO7RAmCIc',4,1,-129542204,'cmVmcmVzaF9lbnNpMTgwOTEzMTQwNzUwNTc=','Bearer','50990849','CHROME','68.0.3440.106','MAC_OS_X','127.0.0.1','2018-09-13 19:50:57',NULL,1),
	('dG9rZW5fZW5zaTE4MDkxMzE0MDc1MjE0','ID_SCAF_cj4XjHXNSRmL3TWQcgoEOW3220BFonJsEO7RAmCIc',4,1,-129542204,'cmVmcmVzaF9lbnNpMTgwOTEzMTQwNzUyMTQ=','Bearer','50990849','CHROME','68.0.3440.106','MAC_OS_X','127.0.0.1','2018-09-13 19:52:14',NULL,1),
	('dG9rZW5fZW5zaTE4MDkxMzE0MDc1NDIy','ID_SCAF_cj4XjHXNSRmL3TWQcgoEOW3220BFonJsEO7RAmCIc',4,1,-129542204,'cmVmcmVzaF9lbnNpMTgwOTEzMTQwNzU0MjI=','Bearer','50990849','CHROME','68.0.3440.106','MAC_OS_X','127.0.0.1','2018-09-13 19:54:23',NULL,1),
	('dG9rZW5fZW5zaTE4MDkxMzE0MDIxNDUx','ID_SCAF_cj4XjHXNSRmL3TWQcgoEOW3220BFonJsEO7RAmCIc',4,1,-129542204,'cmVmcmVzaF9lbnNpMTgwOTEzMTQwMjE0NTE=','Bearer','50990849','CHROME','68.0.3440.106','MAC_OS_X','127.0.0.1','2018-09-13 14:14:51',NULL,1),
	('dG9rZW5fZW5zaTE4MDkxMzE0MDIxNTAy','ID_SCAF_cj4XjHXNSRmL3TWQcgoEOW3220BFonJsEO7RAmCIc',4,1,-129542204,'cmVmcmVzaF9lbnNpMTgwOTEzMTQwMjE1MDI=','Bearer','50990849','CHROME','68.0.3440.106','MAC_OS_X','127.0.0.1','2018-09-13 14:15:02',NULL,1),
	('dG9rZW5fZW5zaTE4MDkxMzE0MDYyOTAz','ID_SCAF_cj4XjHXNSRmL3TWQcgoEOW3220BFonJsEO7RAmCIc',4,1,-129542204,'cmVmcmVzaF9lbnNpMTgwOTEzMTQwNjI5MDM=','Bearer','50990849','CHROME','68.0.3440.106','MAC_OS_X','127.0.0.1','2018-09-13 18:29:03',NULL,1),
	('dG9rZW5fZW5zaTE4MDkxMzE0MDYzNzA0','ID_SCAF_cj4XjHXNSRmL3TWQcgoEOW3220BFonJsEO7RAmCIc',4,1,-129542204,'cmVmcmVzaF9lbnNpMTgwOTEzMTQwNjM3MDQ=','Bearer','50990849','CHROME','68.0.3440.106','MAC_OS_X','127.0.0.1','2018-09-13 18:37:04',NULL,1),
	('dG9rZW5fZW5zaTE4MDkxMzE0MTAzMTMx','ID_SCAF_cj4XjHXNSRmL3TWQcgoEOW3220BFonJsEO7RAmCIc',4,1,-129542204,'cmVmcmVzaF9lbnNpMTgwOTEzMTQxMDMxMzE=','Bearer','50990849','CHROME','68.0.3440.106','MAC_OS_X','127.0.0.1','2018-09-13 22:31:31',NULL,1),
	('dG9rZW5fZW5zaTE4MDkxMzE0MTEwMjEx','ID_SCAF_cj4XjHXNSRmL3TWQcgoEOW3220BFonJsEO7RAmCIc',4,1,-129542204,'cmVmcmVzaF9lbnNpMTgwOTEzMTQxMTAyMTE=','Bearer','50990849','CHROME','68.0.3440.106','MAC_OS_X','127.0.0.1','2018-09-13 23:02:11',NULL,1),
	('dG9rZW5fZW5zaTE4MDkxMzE0MTEwNjA1','ID_SCAF_cj4XjHXNSRmL3TWQcgoEOW3220BFonJsEO7RAmCIc',4,1,-129542204,'cmVmcmVzaF9lbnNpMTgwOTEzMTQxMTA2MDU=','Bearer','50990849','CHROME','68.0.3440.106','MAC_OS_X','127.0.0.1','2018-09-13 23:06:05',NULL,1),
	('dG9rZW5fZW5zaTE4MDkxNDAwMDQ0MDU3','ID_CORPORATIVO_knjwer7834hrf3897fh94f93844hr4398t',2,NULL,-129542204,'cmVmcmVzaF9lbnNpMTgwOTE0MDAwNDQwNTc=','Bearer','16843022','UNKNOWN',NULL,'UNKNOWN','127.0.0.1','2018-09-14 16:40:57','2018-09-14 16:40:57',1),
	('dG9rZW5fZW5zaTE4MDkxNDAwMDQ0MDU4','ID_CORPORATIVO_knjwer7834hrf3897fh94f93844hr4398t',2,NULL,-129542204,'cmVmcmVzaF9lbnNpMTgwOTE0MDAwNDQwNTg=','Bearer','16843022','UNKNOWN',NULL,'UNKNOWN','127.0.0.1','2018-09-14 16:40:58','2018-09-14 16:40:59',1),
	('dG9rZW5fZW5zaTE4MDkxNDAwMDQ1MzAx','ID_CORPORATIVO_knjwer7834hrf3897fh94f93844hr4398t',2,NULL,-129542204,'cmVmcmVzaF9lbnNpMTgwOTE0MDAwNDUzMDE=','Bearer','16843022','UNKNOWN',NULL,'UNKNOWN','127.0.0.1','2018-09-14 16:53:01','2018-09-14 16:53:02',1),
	('dG9rZW5fZW5zaTE4MDkxNDAwMDQ1MzAy','ID_CORPORATIVO_knjwer7834hrf3897fh94f93844hr4398t',2,NULL,-129542204,'cmVmcmVzaF9lbnNpMTgwOTE0MDAwNDUzMDI=','Bearer','16843022','UNKNOWN',NULL,'UNKNOWN','127.0.0.1','2018-09-14 16:53:02','2018-09-14 16:53:02',1),
	('dG9rZW5fZW5zaTE4MDkxNDAwMDQ1NDQ2','ID_CORPORATIVO_knjwer7834hrf3897fh94f93844hr4398t',2,NULL,-129542204,'cmVmcmVzaF9lbnNpMTgwOTE0MDAwNDU0NDY=','Bearer','16843022','UNKNOWN',NULL,'UNKNOWN','127.0.0.1','2018-09-14 16:54:46','2018-09-14 16:54:47',1),
	('dG9rZW5fZW5zaTE4MDkxNDAwMDQ1NDQ3','ID_CORPORATIVO_knjwer7834hrf3897fh94f93844hr4398t',2,NULL,-129542204,'cmVmcmVzaF9lbnNpMTgwOTE0MDAwNDU0NDc=','Bearer','16843022','UNKNOWN',NULL,'UNKNOWN','127.0.0.1','2018-09-14 16:54:47','2018-09-14 16:54:48',1),
	('dG9rZW5fZW5zaTE4MDkxNDAwMDQ1NDQ4','ID_CORPORATIVO_knjwer7834hrf3897fh94f93844hr4398t',2,NULL,-129542204,'cmVmcmVzaF9lbnNpMTgwOTE0MDAwNDU0NDg=','Bearer','16843022','UNKNOWN',NULL,'UNKNOWN','127.0.0.1','2018-09-14 16:54:48','2018-09-14 16:54:48',1),
	('dG9rZW5fZW5zaTE4MDkxNDAwMDQ1OTI0','ID_CORPORATIVO_knjwer7834hrf3897fh94f93844hr4398t',2,NULL,-129542204,'cmVmcmVzaF9lbnNpMTgwOTE0MDAwNDU5MjQ=','Bearer','16843022','UNKNOWN',NULL,'UNKNOWN','127.0.0.1','2018-09-14 16:59:24','2018-09-14 16:59:25',1),
	('dG9rZW5fZW5zaTE4MDkxNDAwMDQ1OTIz','ID_CORPORATIVO_knjwer7834hrf3897fh94f93844hr4398t',2,NULL,-129542204,'cmVmcmVzaF9lbnNpMTgwOTE0MDAwNDU5MjM=','Bearer','16843022','UNKNOWN',NULL,'UNKNOWN','127.0.0.1','2018-09-14 16:59:23','2018-09-14 16:59:24',1),
	('dG9rZW5fZW5zaTE4MDkxNDAwMDQzODQ3','ID_CORPORATIVO_knjwer7834hrf3897fh94f93844hr4398t',2,NULL,-129542204,'cmVmcmVzaF9lbnNpMTgwOTE0MDAwNDM4NDc=','Bearer','16843022','UNKNOWN',NULL,'UNKNOWN','127.0.0.1','2018-09-14 16:38:47','2018-09-14 16:38:48',1),
	('dG9rZW5fZW5zaTE4MDkxNDAwMDQzODQ4','ID_CORPORATIVO_knjwer7834hrf3897fh94f93844hr4398t',2,NULL,-129542204,'cmVmcmVzaF9lbnNpMTgwOTE0MDAwNDM4NDg=','Bearer','16843022','UNKNOWN',NULL,'UNKNOWN','127.0.0.1','2018-09-14 16:38:48','2018-09-14 16:38:49',1),
	('dG9rZW5fZW5zaTE4MDkxNDAwMDQzODQ5','ID_CORPORATIVO_knjwer7834hrf3897fh94f93844hr4398t',2,NULL,-129542204,'cmVmcmVzaF9lbnNpMTgwOTE0MDAwNDM4NDk=','Bearer','16843022','UNKNOWN',NULL,'UNKNOWN','127.0.0.1','2018-09-14 16:38:49','2018-09-14 16:38:49',1),
	('dG9rZW5fZW5zaTE4MDkxNDAwMDUwMjE2','ID_CORPORATIVO_knjwer7834hrf3897fh94f93844hr4398t',2,NULL,-129542204,'cmVmcmVzaF9lbnNpMTgwOTE0MDAwNTAyMTY=','Bearer','16843022','UNKNOWN',NULL,'UNKNOWN','127.0.0.1','2018-09-14 17:02:16','2018-09-14 17:02:17',1),
	('dG9rZW5fZW5zaTE4MDkxNDAwMDUwMjE3','ID_CORPORATIVO_knjwer7834hrf3897fh94f93844hr4398t',2,NULL,-129542204,'cmVmcmVzaF9lbnNpMTgwOTE0MDAwNTAyMTc=','Bearer','16843022','UNKNOWN',NULL,'UNKNOWN','127.0.0.1','2018-09-14 17:02:17','2018-09-14 17:02:18',1),
	('dG9rZW5fZW5zaTE4MDkxNDAwMDUwMjE4','ID_CORPORATIVO_knjwer7834hrf3897fh94f93844hr4398t',2,NULL,-129542204,'cmVmcmVzaF9lbnNpMTgwOTE0MDAwNTAyMTg=','Bearer','16843022','UNKNOWN',NULL,'UNKNOWN','127.0.0.1','2018-09-14 17:02:18','2018-09-14 17:02:18',1),
	('dG9rZW5fZW5zaTE4MDkxNDAwMDUwMjE5','ID_CORPORATIVO_knjwer7834hrf3897fh94f93844hr4398t',2,NULL,-129542204,'cmVmcmVzaF9lbnNpMTgwOTE0MDAwNTAyMTk=','Bearer','16843022','UNKNOWN',NULL,'UNKNOWN','127.0.0.1','2018-09-14 17:02:19','2018-09-14 17:02:19',1),
	('dG9rZW5fZW5zaTE4MDkxNDAwMDUwMzU4','ID_CORPORATIVO_knjwer7834hrf3897fh94f93844hr4398t',2,NULL,-129542204,'cmVmcmVzaF9lbnNpMTgwOTE0MDAwNTAzNTg=','Bearer','16843022','UNKNOWN',NULL,'UNKNOWN','127.0.0.1','2018-09-14 17:03:58','2018-09-14 17:03:59',1),
	('dG9rZW5fZW5zaTE4MDkxNDAwMDUwMzU5','ID_CORPORATIVO_knjwer7834hrf3897fh94f93844hr4398t',2,NULL,-129542204,'cmVmcmVzaF9lbnNpMTgwOTE0MDAwNTAzNTk=','Bearer','16843022','UNKNOWN',NULL,'UNKNOWN','127.0.0.1','2018-09-14 17:03:59','2018-09-14 17:04:00',1),
	('dG9rZW5fZW5zaTE4MDkxNDAwMDUwNDAw','ID_CORPORATIVO_knjwer7834hrf3897fh94f93844hr4398t',2,NULL,-129542204,'cmVmcmVzaF9lbnNpMTgwOTE0MDAwNTA0MDA=','Bearer','16843022','UNKNOWN',NULL,'UNKNOWN','127.0.0.1','2018-09-14 17:04:00','2018-09-14 17:04:00',1),
	('dG9rZW5fZW5zaTE4MDkxNDAwMDUwODU1','ID_CORPORATIVO_knjwer7834hrf3897fh94f93844hr4398t',2,NULL,-129542204,'cmVmcmVzaF9lbnNpMTgwOTE0MDAwNTA4NTU=','Bearer','16843022','UNKNOWN',NULL,'UNKNOWN','127.0.0.1','2018-09-14 17:08:56','2018-09-14 17:08:56',1),
	('dG9rZW5fZW5zaTE4MDkxNDAwMDUwODU2','ID_CORPORATIVO_knjwer7834hrf3897fh94f93844hr4398t',2,NULL,-129542204,'cmVmcmVzaF9lbnNpMTgwOTE0MDAwNTA4NTY=','Bearer','16843022','UNKNOWN',NULL,'UNKNOWN','127.0.0.1','2018-09-14 17:08:56','2018-09-14 17:08:57',1),
	('dG9rZW5fZW5zaTE4MDkxNDAwMDUwODU3','ID_CORPORATIVO_knjwer7834hrf3897fh94f93844hr4398t',2,NULL,-129542204,'cmVmcmVzaF9lbnNpMTgwOTE0MDAwNTA4NTc=','Bearer','16843022','UNKNOWN',NULL,'UNKNOWN','127.0.0.1','2018-09-14 17:08:57','2018-09-14 17:08:58',1),
	('dG9rZW5fZW5zaTE4MDkxNDAwMDUxMDU5','ID_CORPORATIVO_knjwer7834hrf3897fh94f93844hr4398t',2,NULL,-129542204,'cmVmcmVzaF9lbnNpMTgwOTE0MDAwNTEwNTk=','Bearer','16843022','UNKNOWN',NULL,'UNKNOWN','127.0.0.1','2018-09-14 17:10:59','2018-09-14 17:11:00',1),
	('dG9rZW5fZW5zaTE4MDkxNDAwMDUxMTAw','ID_CORPORATIVO_knjwer7834hrf3897fh94f93844hr4398t',2,NULL,-129542204,'cmVmcmVzaF9lbnNpMTgwOTE0MDAwNTExMDA=','Bearer','16843022','UNKNOWN',NULL,'UNKNOWN','127.0.0.1','2018-09-14 17:11:00','2018-09-14 17:11:01',1),
	('dG9rZW5fZW5zaTE4MDkxNDAwMDUxNDA0','ID_CORPORATIVO_knjwer7834hrf3897fh94f93844hr4398t',2,NULL,-129542204,'cmVmcmVzaF9lbnNpMTgwOTE0MDAwNTE0MDQ=','Bearer','16843022','UNKNOWN',NULL,'UNKNOWN','127.0.0.1','2018-09-14 17:14:04','2018-09-14 17:14:04',1),
	('dG9rZW5fZW5zaTE4MDkxNDAwMDUxNDAy','ID_CORPORATIVO_knjwer7834hrf3897fh94f93844hr4398t',2,NULL,-129542204,'cmVmcmVzaF9lbnNpMTgwOTE0MDAwNTE0MDI=','Bearer','16843022','UNKNOWN',NULL,'UNKNOWN','127.0.0.1','2018-09-14 17:14:02','2018-09-14 17:14:02',1),
	('dG9rZW5fZW5zaTE4MDkxNDAwMDUxNDAz','ID_CORPORATIVO_knjwer7834hrf3897fh94f93844hr4398t',2,NULL,-129542204,'cmVmcmVzaF9lbnNpMTgwOTE0MDAwNTE0MDM=','Bearer','16843022','UNKNOWN',NULL,'UNKNOWN','127.0.0.1','2018-09-14 17:14:03','2018-09-14 17:14:04',1),
	('dG9rZW5fZW5zaTE4MDkxNzAwMDc0OTAx','ID_CORPORATIVO_knjwer7834hrf3897fh94f93844hr4398t',2,NULL,-129542204,'cmVmcmVzaF9lbnNpMTgwOTE3MDAwNzQ5MDE=','Bearer','16843022','UNKNOWN',NULL,'UNKNOWN','127.0.0.1','2018-09-17 19:49:02','2018-09-17 19:49:02',1),
	('dG9rZW5fZW5zaTE4MDkxNzAwMDc0OTAy','ID_CORPORATIVO_knjwer7834hrf3897fh94f93844hr4398t',2,NULL,-129542204,'cmVmcmVzaF9lbnNpMTgwOTE3MDAwNzQ5MDI=','Bearer','16843022','UNKNOWN',NULL,'UNKNOWN','127.0.0.1','2018-09-17 19:49:02','2018-09-17 19:49:03',1),
	('dG9rZW5fZW5zaTE4MDkxNzAwMDc1MTAw','ID_CORPORATIVO_knjwer7834hrf3897fh94f93844hr4398t',2,NULL,-129542204,'cmVmcmVzaF9lbnNpMTgwOTE3MDAwNzUxMDA=','Bearer','16843022','UNKNOWN',NULL,'UNKNOWN','127.0.0.1','2018-09-17 19:51:00','2018-09-17 19:51:01',1),
	('dG9rZW5fZW5zaTE4MDkxNzAwMDc1MTAx','ID_CORPORATIVO_knjwer7834hrf3897fh94f93844hr4398t',2,NULL,-129542204,'cmVmcmVzaF9lbnNpMTgwOTE3MDAwNzUxMDE=','Bearer','16843022','UNKNOWN',NULL,'UNKNOWN','127.0.0.1','2018-09-17 19:51:01','2018-09-17 19:51:01',1),
	('dG9rZW5fZW5zaTE4MDkxNzAwMDEwNTA5','ID_CORPORATIVO_knjwer7834hrf3897fh94f93844hr4398t',2,NULL,-129542204,'cmVmcmVzaF9lbnNpMTgwOTE3MDAwMTA1MDk=','Bearer','16843022','UNKNOWN',NULL,'UNKNOWN','127.0.0.1','2018-09-17 13:05:09','2018-09-17 13:05:09',1),
	('dG9rZW5fZW5zaTE4MDkxNzAwMDEwNTEw','ID_CORPORATIVO_knjwer7834hrf3897fh94f93844hr4398t',2,NULL,-129542204,'cmVmcmVzaF9lbnNpMTgwOTE3MDAwMTA1MTA=','Bearer','16843022','UNKNOWN',NULL,'UNKNOWN','127.0.0.1','2018-09-17 13:05:10','2018-09-17 13:05:11',1),
	('dG9rZW5fZW5zaTE4MDkxNzAwMDY1MTE2','ID_CORPORATIVO_knjwer7834hrf3897fh94f93844hr4398t',2,NULL,-129542204,'cmVmcmVzaF9lbnNpMTgwOTE3MDAwNjUxMTY=','Bearer','16843022','UNKNOWN',NULL,'UNKNOWN','127.0.0.1','2018-09-17 18:51:17','2018-09-17 18:51:17',1),
	('dG9rZW5fZW5zaTE4MDkxNzAwMDY1MTE3','ID_CORPORATIVO_knjwer7834hrf3897fh94f93844hr4398t',2,NULL,-129542204,'cmVmcmVzaF9lbnNpMTgwOTE3MDAwNjUxMTc=','Bearer','16843022','UNKNOWN',NULL,'UNKNOWN','127.0.0.1','2018-09-17 18:51:17','2018-09-17 18:51:18',1),
	('dG9rZW5fZW5zaTE4MDkxNzAwMDY1MTE4','ID_CORPORATIVO_knjwer7834hrf3897fh94f93844hr4398t',2,NULL,-129542204,'cmVmcmVzaF9lbnNpMTgwOTE3MDAwNjUxMTg=','Bearer','16843022','UNKNOWN',NULL,'UNKNOWN','127.0.0.1','2018-09-17 18:51:18','2018-09-17 18:51:18',1),
	('dG9rZW5fZW5zaTE4MDkxNzAwMDY1NzAw','ID_CORPORATIVO_knjwer7834hrf3897fh94f93844hr4398t',2,NULL,-129542204,'cmVmcmVzaF9lbnNpMTgwOTE3MDAwNjU3MDA=','Bearer','16843022','UNKNOWN',NULL,'UNKNOWN','127.0.0.1','2018-09-17 18:57:01','2018-09-17 18:57:01',1),
	('dG9rZW5fZW5zaTE4MDkxNzAwMDY1NzAx','ID_CORPORATIVO_knjwer7834hrf3897fh94f93844hr4398t',2,NULL,-129542204,'cmVmcmVzaF9lbnNpMTgwOTE3MDAwNjU3MDE=','Bearer','16843022','UNKNOWN',NULL,'UNKNOWN','127.0.0.1','2018-09-17 18:57:01','2018-09-17 18:57:01',1),
	('dG9rZW5fZW5zaTE4MDkxNzAwMTAyNTQy','ID_CORPORATIVO_knjwer7834hrf3897fh94f93844hr4398t',2,NULL,-129542204,'cmVmcmVzaF9lbnNpMTgwOTE3MDAxMDI1NDI=','Bearer','16843022','UNKNOWN',NULL,'UNKNOWN','127.0.0.1','2018-09-17 22:25:42','2018-09-17 22:25:43',1),
	('dG9rZW5fZW5zaTE4MDkxNzAwMTAyNTQz','ID_CORPORATIVO_knjwer7834hrf3897fh94f93844hr4398t',2,NULL,-129542204,'cmVmcmVzaF9lbnNpMTgwOTE3MDAxMDI1NDM=','Bearer','16843022','UNKNOWN',NULL,'UNKNOWN','127.0.0.1','2018-09-17 22:25:43','2018-09-17 22:25:44',1),
	('dG9rZW5fZW5zaTE4MDkxNzAwMTAyODQ2','ID_CORPORATIVO_knjwer7834hrf3897fh94f93844hr4398t',2,NULL,-129542204,'cmVmcmVzaF9lbnNpMTgwOTE3MDAxMDI4NDY=','Bearer','16843022','UNKNOWN',NULL,'UNKNOWN','127.0.0.1','2018-09-17 22:28:46','2018-09-17 22:28:47',1),
	('dG9rZW5fZW5zaTE4MDkxNzAwMTAyODQ3','ID_CORPORATIVO_knjwer7834hrf3897fh94f93844hr4398t',2,NULL,-129542204,'cmVmcmVzaF9lbnNpMTgwOTE3MDAxMDI4NDc=','Bearer','16843022','UNKNOWN',NULL,'UNKNOWN','127.0.0.1','2018-09-17 22:28:47','2018-09-17 22:28:47',1),
	('dG9rZW5fZW5zaTE4MDkxNzAwMTAzMDM5','ID_CORPORATIVO_knjwer7834hrf3897fh94f93844hr4398t',2,NULL,-129542204,'cmVmcmVzaF9lbnNpMTgwOTE3MDAxMDMwMzk=','Bearer','16843022','UNKNOWN',NULL,'UNKNOWN','127.0.0.1','2018-09-17 22:30:39','2018-09-17 22:30:40',1),
	('dG9rZW5fZW5zaTE4MDkxNzAwMTAzMDQw','ID_CORPORATIVO_knjwer7834hrf3897fh94f93844hr4398t',2,NULL,-129542204,'cmVmcmVzaF9lbnNpMTgwOTE3MDAxMDMwNDA=','Bearer','16843022','UNKNOWN',NULL,'UNKNOWN','127.0.0.1','2018-09-17 22:30:40','2018-09-17 22:30:41',1),
	('dG9rZW5fZW5zaTE4MDkxNzAwMTExMzE3','ID_CORPORATIVO_knjwer7834hrf3897fh94f93844hr4398t',2,NULL,-129542204,'cmVmcmVzaF9lbnNpMTgwOTE3MDAxMTEzMTc=','Bearer','16843022','UNKNOWN',NULL,'UNKNOWN','127.0.0.1','2018-09-17 23:13:17','2018-09-17 23:13:18',1),
	('dG9rZW5fZW5zaTE4MDkxNzAwMTExMzE4','ID_CORPORATIVO_knjwer7834hrf3897fh94f93844hr4398t',2,NULL,-129542204,'cmVmcmVzaF9lbnNpMTgwOTE3MDAxMTEzMTg=','Bearer','16843022','UNKNOWN',NULL,'UNKNOWN','127.0.0.1','2018-09-17 23:13:18','2018-09-17 23:13:19',1),
	('dG9rZW5fZW5zaTE4MDkxNzAwMTExMzE5','ID_CORPORATIVO_knjwer7834hrf3897fh94f93844hr4398t',2,NULL,-129542204,'cmVmcmVzaF9lbnNpMTgwOTE3MDAxMTEzMTk=','Bearer','16843022','UNKNOWN',NULL,'UNKNOWN','127.0.0.1','2018-09-17 23:13:19','2018-09-17 23:13:20',1),
	('dG9rZW5fZW5zaTE4MDkxNzAwMTExODIx','ID_CORPORATIVO_knjwer7834hrf3897fh94f93844hr4398t',2,NULL,-129542204,'cmVmcmVzaF9lbnNpMTgwOTE3MDAxMTE4MjE=','Bearer','16843022','UNKNOWN',NULL,'UNKNOWN','127.0.0.1','2018-09-17 23:18:21','2018-09-17 23:18:22',1),
	('dG9rZW5fZW5zaTE4MDkxNzAwMTExODIy','ID_CORPORATIVO_knjwer7834hrf3897fh94f93844hr4398t',2,NULL,-129542204,'cmVmcmVzaF9lbnNpMTgwOTE3MDAxMTE4MjI=','Bearer','16843022','UNKNOWN',NULL,'UNKNOWN','127.0.0.1','2018-09-17 23:18:22','2018-09-17 23:18:22',1),
	('dG9rZW5fZW5zaTE4MDkxNzAwMTEyMDI2','ID_CORPORATIVO_knjwer7834hrf3897fh94f93844hr4398t',2,NULL,-129542204,'cmVmcmVzaF9lbnNpMTgwOTE3MDAxMTIwMjY=','Bearer','16843022','UNKNOWN',NULL,'UNKNOWN','127.0.0.1','2018-09-17 23:20:26','2018-09-17 23:20:27',1),
	('dG9rZW5fZW5zaTE4MDkxNzAwMTEyMDI3','ID_CORPORATIVO_knjwer7834hrf3897fh94f93844hr4398t',2,NULL,-129542204,'cmVmcmVzaF9lbnNpMTgwOTE3MDAxMTIwMjc=','Bearer','16843022','UNKNOWN',NULL,'UNKNOWN','127.0.0.1','2018-09-17 23:20:27','2018-09-17 23:20:28',1),
	('dG9rZW5fZW5zaTE4MDkxNzAwMTEyMDI4','ID_CORPORATIVO_knjwer7834hrf3897fh94f93844hr4398t',2,NULL,-129542204,'cmVmcmVzaF9lbnNpMTgwOTE3MDAxMTIwMjg=','Bearer','16843022','UNKNOWN',NULL,'UNKNOWN','127.0.0.1','2018-09-17 23:20:28','2018-09-17 23:20:28',1),
	('dG9rZW5fZW5zaTE4MDkxNzAwMTI1NzE1','ID_CORPORATIVO_knjwer7834hrf3897fh94f93844hr4398t',2,NULL,-129542204,'cmVmcmVzaF9lbnNpMTgwOTE3MDAxMjU3MTU=','Bearer','16843022','UNKNOWN',NULL,'UNKNOWN','127.0.0.1','2018-09-17 12:57:15','2018-09-17 12:57:16',1),
	('dG9rZW5fZW5zaTE4MDkxNzAwMTI1NzE2','ID_CORPORATIVO_knjwer7834hrf3897fh94f93844hr4398t',2,NULL,-129542204,'cmVmcmVzaF9lbnNpMTgwOTE3MDAxMjU3MTY=','Bearer','16843022','UNKNOWN',NULL,'UNKNOWN','127.0.0.1','2018-09-17 12:57:16','2018-09-17 12:57:17',1),
	('dG9rZW5fZW5zaTE4MDkxNzAwMTI1NzE3','ID_CORPORATIVO_knjwer7834hrf3897fh94f93844hr4398t',2,NULL,-129542204,'cmVmcmVzaF9lbnNpMTgwOTE3MDAxMjU3MTc=','Bearer','16843022','UNKNOWN',NULL,'UNKNOWN','127.0.0.1','2018-09-17 12:57:17','2018-09-17 12:57:17',1),
	('dG9rZW5fZW5zaTE4MDkxODAwMDg1MjU2','ID_CORPORATIVO_knjwer7834hrf3897fh94f93844hr4398t',2,NULL,-129542204,'cmVmcmVzaF9lbnNpMTgwOTE4MDAwODUyNTY=','Bearer','16843022','UNKNOWN',NULL,'UNKNOWN','127.0.0.1','2018-09-18 20:52:56','2018-09-18 20:52:57',1),
	('dG9rZW5fZW5zaTE4MDkxODAwMDg1MjU3','ID_CORPORATIVO_knjwer7834hrf3897fh94f93844hr4398t',2,NULL,-129542204,'cmVmcmVzaF9lbnNpMTgwOTE4MDAwODUyNTc=','Bearer','16843022','UNKNOWN',NULL,'UNKNOWN','127.0.0.1','2018-09-18 20:52:57','2018-09-18 20:52:58',1),
	('dG9rZW5fZW5zaTE4MDkxODAwMDg1MjU4','ID_CORPORATIVO_knjwer7834hrf3897fh94f93844hr4398t',2,NULL,-129542204,'cmVmcmVzaF9lbnNpMTgwOTE4MDAwODUyNTg=','Bearer','16843022','UNKNOWN',NULL,'UNKNOWN','127.0.0.1','2018-09-18 20:52:58','2018-09-18 20:52:58',1),
	('dG9rZW5fZW5zaTE4MDkxODAwMTAyODM3','ID_CORPORATIVO_knjwer7834hrf3897fh94f93844hr4398t',2,NULL,-129542204,'cmVmcmVzaF9lbnNpMTgwOTE4MDAxMDI4Mzc=','Bearer','16843022','UNKNOWN',NULL,'UNKNOWN','127.0.0.1','2018-09-18 22:28:37','2018-09-18 22:28:38',1),
	('dG9rZW5fZW5zaTE4MDkxODAwMTAyODM4','ID_CORPORATIVO_knjwer7834hrf3897fh94f93844hr4398t',2,NULL,-129542204,'cmVmcmVzaF9lbnNpMTgwOTE4MDAxMDI4Mzg=','Bearer','16843022','UNKNOWN',NULL,'UNKNOWN','127.0.0.1','2018-09-18 22:28:38','2018-09-18 22:28:38',1),
	('dG9rZW5fZW5zaTE4MDkxODE0MDg1OTU3','ID_SCAF_cj4XjHXNSRmL3TWQcgoEOW3220BFonJsEO7RAmCIc',4,1,-129542204,'cmVmcmVzaF9lbnNpMTgwOTE4MTQwODU5NTc=','Bearer','50987777','SAFARI','12.0','MAC_OS_X','127.0.0.1','2018-09-18 20:59:57',NULL,1),
	('dG9rZW5fZW5zaTE4MDkxODE0MDgwNzU0','ID_SCAF_cj4XjHXNSRmL3TWQcgoEOW3220BFonJsEO7RAmCIc',4,1,-129542204,'cmVmcmVzaF9lbnNpMTgwOTE4MTQwODA3NTQ=','Bearer','50987777','SAFARI','12.0','MAC_OS_X','127.0.0.1','2018-09-18 20:07:54',NULL,1),
	('dG9rZW5fZW5zaTE4MDkxODE0MDgyMDMz','ID_SCAF_cj4XjHXNSRmL3TWQcgoEOW3220BFonJsEO7RAmCIc',4,1,-129542204,'cmVmcmVzaF9lbnNpMTgwOTE4MTQwODIwMzM=','Bearer','50987777','SAFARI','12.0','MAC_OS_X','127.0.0.1','2018-09-18 20:20:33',NULL,1),
	('dG9rZW5fZW5zaTE4MDkxODE0MDgyMjAw','ID_SCAF_cj4XjHXNSRmL3TWQcgoEOW3220BFonJsEO7RAmCIc',4,1,-129542204,'cmVmcmVzaF9lbnNpMTgwOTE4MTQwODIyMDA=','Bearer','50987777','SAFARI','12.0','MAC_OS_X','127.0.0.1','2018-09-18 20:22:00',NULL,1),
	('dG9rZW5fZW5zaTE4MDkxODE0MDgyMzU0','ID_SCAF_cj4XjHXNSRmL3TWQcgoEOW3220BFonJsEO7RAmCIc',4,1,-129542204,'cmVmcmVzaF9lbnNpMTgwOTE4MTQwODIzNTQ=','Bearer','50987777','SAFARI','12.0','MAC_OS_X','127.0.0.1','2018-09-18 20:23:54',NULL,1),
	('dG9rZW5fZW5zaTE4MDkxODE0MDgyNTEz','ID_SCAF_cj4XjHXNSRmL3TWQcgoEOW3220BFonJsEO7RAmCIc',4,1,-129542204,'cmVmcmVzaF9lbnNpMTgwOTE4MTQwODI1MTM=','Bearer','50987777','SAFARI','12.0','MAC_OS_X','127.0.0.1','2018-09-18 20:25:13',NULL,1),
	('dG9rZW5fZW5zaTE4MDkxODE0MDgyNzE2','ID_SCAF_cj4XjHXNSRmL3TWQcgoEOW3220BFonJsEO7RAmCIc',4,1,-129542204,'cmVmcmVzaF9lbnNpMTgwOTE4MTQwODI3MTY=','Bearer','50987777','SAFARI','12.0','MAC_OS_X','127.0.0.1','2018-09-18 20:27:16',NULL,1),
	('dG9rZW5fZW5zaTE4MDkxODE0MDgyOTU0','ID_SCAF_cj4XjHXNSRmL3TWQcgoEOW3220BFonJsEO7RAmCIc',4,1,-129542204,'cmVmcmVzaF9lbnNpMTgwOTE4MTQwODI5NTQ=','Bearer','50987777','SAFARI','12.0','MAC_OS_X','127.0.0.1','2018-09-18 20:29:54',NULL,1),
	('dG9rZW5fZW5zaTE4MDkxODE0MDgzMjM3','ID_SCAF_cj4XjHXNSRmL3TWQcgoEOW3220BFonJsEO7RAmCIc',4,1,-129542204,'cmVmcmVzaF9lbnNpMTgwOTE4MTQwODMyMzc=','Bearer','50987777','SAFARI','12.0','MAC_OS_X','127.0.0.1','2018-09-18 20:32:37',NULL,1),
	('dG9rZW5fZW5zaTE4MDkxODE0MDgzMTQ1','ID_SCAF_cj4XjHXNSRmL3TWQcgoEOW3220BFonJsEO7RAmCIc',4,1,-129542204,'cmVmcmVzaF9lbnNpMTgwOTE4MTQwODMxNDU=','Bearer','50987777','SAFARI','12.0','MAC_OS_X','127.0.0.1','2018-09-18 20:31:45',NULL,1),
	('dG9rZW5fZW5zaTE4MDkxODE0MDgzMzAy','ID_SCAF_cj4XjHXNSRmL3TWQcgoEOW3220BFonJsEO7RAmCIc',4,1,-129542204,'cmVmcmVzaF9lbnNpMTgwOTE4MTQwODMzMDI=','Bearer','50987777','SAFARI','12.0','MAC_OS_X','127.0.0.1','2018-09-18 20:33:02',NULL,1),
	('dG9rZW5fZW5zaTE4MDkxODE0MDk0MDAx','ID_SCAF_cj4XjHXNSRmL3TWQcgoEOW3220BFonJsEO7RAmCIc',4,1,-129542204,'cmVmcmVzaF9lbnNpMTgwOTE4MTQwOTQwMDE=','Bearer','52953858','MOBILE_SAFARI','11.0','MAC_OS_X_IPHONE','127.0.0.1','2018-09-18 21:40:01','2018-09-18 21:40:04',1),
	('dG9rZW5fZW5zaTE4MDkxODE0MDk0MjIy','ID_SCAF_cj4XjHXNSRmL3TWQcgoEOW3220BFonJsEO7RAmCIc',4,1,-129542204,'cmVmcmVzaF9lbnNpMTgwOTE4MTQwOTQyMjI=','Bearer','52953858','MOBILE_SAFARI','11.0','MAC_OS_X_IPHONE','127.0.0.1','2018-09-18 21:42:22','2018-09-18 21:42:25',1),
	('dG9rZW5fZW5zaTE4MDkxODE0MDk1NDA2','ID_SCAF_cj4XjHXNSRmL3TWQcgoEOW3220BFonJsEO7RAmCIc',4,1,-129542204,'cmVmcmVzaF9lbnNpMTgwOTE4MTQwOTU0MDY=','Bearer','52953858','MOBILE_SAFARI','11.0','MAC_OS_X_IPHONE','127.0.0.1','2018-09-18 21:54:06','2018-09-18 21:55:37',1),
	('dG9rZW5fZW5zaTE4MDkxODE0MDk1NTU1','ID_SCAF_cj4XjHXNSRmL3TWQcgoEOW3220BFonJsEO7RAmCIc',4,1,-129542204,'cmVmcmVzaF9lbnNpMTgwOTE4MTQwOTU1NTU=','Bearer','52953858','MOBILE_SAFARI','11.0','MAC_OS_X_IPHONE','127.0.0.1','2018-09-18 21:55:55','2018-09-18 21:56:03',1),
	('dG9rZW5fZW5zaTE4MDkxODE0MDkwMDI1','ID_SCAF_cj4XjHXNSRmL3TWQcgoEOW3220BFonJsEO7RAmCIc',4,1,-129542204,'cmVmcmVzaF9lbnNpMTgwOTE4MTQwOTAwMjU=','Bearer','50987777','SAFARI','12.0','MAC_OS_X','127.0.0.1','2018-09-18 21:00:25',NULL,1),
	('dG9rZW5fZW5zaTE4MDkxODE0MDkwMDUw','ID_SCAF_cj4XjHXNSRmL3TWQcgoEOW3220BFonJsEO7RAmCIc',4,1,-129542204,'cmVmcmVzaF9lbnNpMTgwOTE4MTQwOTAwNTA=','Bearer','50990849','CHROME','68.0.3440.106','MAC_OS_X','127.0.0.1','2018-09-18 21:00:50',NULL,1),
	('dG9rZW5fZW5zaTE4MDkxODE0MDkwMjA3','ID_SCAF_cj4XjHXNSRmL3TWQcgoEOW3220BFonJsEO7RAmCIc',4,1,-129542204,'cmVmcmVzaF9lbnNpMTgwOTE4MTQwOTAyMDc=','Bearer','50987777','SAFARI','12.0','MAC_OS_X','127.0.0.1','2018-09-18 21:02:08',NULL,1),
	('dG9rZW5fZW5zaTE4MDkxODE0MDkwMjMy','ID_SCAF_cj4XjHXNSRmL3TWQcgoEOW3220BFonJsEO7RAmCIc',4,1,-129542204,'cmVmcmVzaF9lbnNpMTgwOTE4MTQwOTAyMzI=','Bearer','50987777','SAFARI','12.0','MAC_OS_X','127.0.0.1','2018-09-18 21:02:32',NULL,1),
	('dG9rZW5fZW5zaTE4MDkxODE0MDkwMTE1','ID_SCAF_cj4XjHXNSRmL3TWQcgoEOW3220BFonJsEO7RAmCIc',4,1,-129542204,'cmVmcmVzaF9lbnNpMTgwOTE4MTQwOTAxMTU=','Bearer','50987777','SAFARI','12.0','MAC_OS_X','127.0.0.1','2018-09-18 21:01:15',NULL,1),
	('dG9rZW5fZW5zaTE4MDkxODE0MDkwMTUx','ID_SCAF_cj4XjHXNSRmL3TWQcgoEOW3220BFonJsEO7RAmCIc',4,1,-129542204,'cmVmcmVzaF9lbnNpMTgwOTE4MTQwOTAxNTE=','Bearer','50987777','SAFARI','12.0','MAC_OS_X','127.0.0.1','2018-09-18 21:01:51',NULL,1),
	('dG9rZW5fZW5zaTE4MDkxODE0MDkwMzI5','ID_SCAF_cj4XjHXNSRmL3TWQcgoEOW3220BFonJsEO7RAmCIc',4,1,-129542204,'cmVmcmVzaF9lbnNpMTgwOTE4MTQwOTAzMjk=','Bearer','52953858','MOBILE_SAFARI','11.0','MAC_OS_X_IPHONE','127.0.0.1','2018-09-18 21:03:29',NULL,1),
	('dG9rZW5fZW5zaTE4MDkxODE0MDkwNjUx','ID_SCAF_cj4XjHXNSRmL3TWQcgoEOW3220BFonJsEO7RAmCIc',4,1,-129542204,'cmVmcmVzaF9lbnNpMTgwOTE4MTQwOTA2NTE=','Bearer','52953858','MOBILE_SAFARI','11.0','MAC_OS_X_IPHONE','127.0.0.1','2018-09-18 21:06:51','2018-09-18 21:06:54',1),
	('dG9rZW5fZW5zaTE4MDkxODE0MDkxMjUx','ID_SCAF_cj4XjHXNSRmL3TWQcgoEOW3220BFonJsEO7RAmCIc',4,1,-129542204,'cmVmcmVzaF9lbnNpMTgwOTE4MTQwOTEyNTE=','Bearer','52953858','MOBILE_SAFARI','11.0','MAC_OS_X_IPHONE','127.0.0.1','2018-09-18 21:12:51','2018-09-18 21:12:54',1),
	('dG9rZW5fZW5zaTE4MDkxODE0MDkxNDAw','ID_SCAF_cj4XjHXNSRmL3TWQcgoEOW3220BFonJsEO7RAmCIc',4,1,-129542204,'cmVmcmVzaF9lbnNpMTgwOTE4MTQwOTE0MDA=','Bearer','52953858','MOBILE_SAFARI','11.0','MAC_OS_X_IPHONE','127.0.0.1','2018-09-18 21:14:00','2018-09-18 21:16:55',1),
	('dG9rZW5fZW5zaTE4MDkxODE0MDkxOTU1','ID_SCAF_cj4XjHXNSRmL3TWQcgoEOW3220BFonJsEO7RAmCIc',4,1,-129542204,'cmVmcmVzaF9lbnNpMTgwOTE4MTQwOTE5NTU=','Bearer','52953858','MOBILE_SAFARI','11.0','MAC_OS_X_IPHONE','127.0.0.1','2018-09-18 21:19:55','2018-09-18 21:19:58',1),
	('dG9rZW5fZW5zaTE4MDkxODE0MDkyMTIy','ID_SCAF_cj4XjHXNSRmL3TWQcgoEOW3220BFonJsEO7RAmCIc',4,1,-129542204,'cmVmcmVzaF9lbnNpMTgwOTE4MTQwOTIxMjI=','Bearer','52953858','MOBILE_SAFARI','11.0','MAC_OS_X_IPHONE','127.0.0.1','2018-09-18 21:21:22','2018-09-18 21:21:24',1),
	('dG9rZW5fZW5zaTE4MDkxODE0MDkyMTQ5','ID_SCAF_cj4XjHXNSRmL3TWQcgoEOW3220BFonJsEO7RAmCIc',4,1,-129542204,'cmVmcmVzaF9lbnNpMTgwOTE4MTQwOTIxNDk=','Bearer','52953858','MOBILE_SAFARI','11.0','MAC_OS_X_IPHONE','127.0.0.1','2018-09-18 21:21:49','2018-09-18 21:21:53',1),
	('dG9rZW5fZW5zaTE4MDkxODE0MDkyMzEx','ID_SCAF_cj4XjHXNSRmL3TWQcgoEOW3220BFonJsEO7RAmCIc',4,1,-129542204,'cmVmcmVzaF9lbnNpMTgwOTE4MTQwOTIzMTE=','Bearer','52953858','MOBILE_SAFARI','11.0','MAC_OS_X_IPHONE','127.0.0.1','2018-09-18 21:23:11','2018-09-18 21:23:13',1),
	('dG9rZW5fZW5zaTE4MDkxODE0MDkyMzI4','ID_SCAF_cj4XjHXNSRmL3TWQcgoEOW3220BFonJsEO7RAmCIc',4,1,-129542204,'cmVmcmVzaF9lbnNpMTgwOTE4MTQwOTIzMjg=','Bearer','52953858','MOBILE_SAFARI','11.0','MAC_OS_X_IPHONE','127.0.0.1','2018-09-18 21:23:28','2018-09-18 21:23:31',1),
	('dG9rZW5fZW5zaTE4MDkxODE0MDkyNDAy','ID_SCAF_cj4XjHXNSRmL3TWQcgoEOW3220BFonJsEO7RAmCIc',4,1,-129542204,'cmVmcmVzaF9lbnNpMTgwOTE4MTQwOTI0MDI=','Bearer','52953858','MOBILE_SAFARI','11.0','MAC_OS_X_IPHONE','127.0.0.1','2018-09-18 21:24:02','2018-09-18 21:24:05',1),
	('dG9rZW5fZW5zaTE4MDkxODE0MDkyNjEy','ID_SCAF_cj4XjHXNSRmL3TWQcgoEOW3220BFonJsEO7RAmCIc',4,1,-129542204,'cmVmcmVzaF9lbnNpMTgwOTE4MTQwOTI2MTI=','Bearer','52953858','MOBILE_SAFARI','11.0','MAC_OS_X_IPHONE','127.0.0.1','2018-09-18 21:26:12','2018-09-18 21:26:15',1),
	('dG9rZW5fZW5zaTE4MDkxODE0MDkyNjQ3','ID_SCAF_cj4XjHXNSRmL3TWQcgoEOW3220BFonJsEO7RAmCIc',4,1,-129542204,'cmVmcmVzaF9lbnNpMTgwOTE4MTQwOTI2NDc=','Bearer','52953858','MOBILE_SAFARI','11.0','MAC_OS_X_IPHONE','127.0.0.1','2018-09-18 21:26:47','2018-09-18 21:26:50',1),
	('dG9rZW5fZW5zaTE4MDkxODE0MDkyNTI2','ID_SCAF_cj4XjHXNSRmL3TWQcgoEOW3220BFonJsEO7RAmCIc',4,1,-129542204,'cmVmcmVzaF9lbnNpMTgwOTE4MTQwOTI1MjY=','Bearer','52953858','MOBILE_SAFARI','11.0','MAC_OS_X_IPHONE','127.0.0.1','2018-09-18 21:25:26','2018-09-18 21:25:31',1),
	('dG9rZW5fZW5zaTE4MDkxODE0MDkzOTM4','ID_SCAF_cj4XjHXNSRmL3TWQcgoEOW3220BFonJsEO7RAmCIc',4,1,-129542204,'cmVmcmVzaF9lbnNpMTgwOTE4MTQwOTM5Mzg=','Bearer','52953858','MOBILE_SAFARI','11.0','MAC_OS_X_IPHONE','127.0.0.1','2018-09-18 21:39:38','2018-09-18 21:39:41',1),
	('dG9rZW5fZW5zaTE4MDkxODE0MTA0MDM3','ID_SCAF_cj4XjHXNSRmL3TWQcgoEOW3220BFonJsEO7RAmCIc',4,1,-129542204,'cmVmcmVzaF9lbnNpMTgwOTE4MTQxMDQwMzc=','Bearer','52953858','MOBILE_SAFARI','11.0','MAC_OS_X_IPHONE','127.0.0.1','2018-09-18 22:40:37','2018-09-18 22:40:40',1),
	('dG9rZW5fZW5zaTE4MDkxODE0MTA0MjI1','ID_SCAF_cj4XjHXNSRmL3TWQcgoEOW3220BFonJsEO7RAmCIc',4,1,-129542204,'cmVmcmVzaF9lbnNpMTgwOTE4MTQxMDQyMjU=','Bearer','52953858','MOBILE_SAFARI','11.0','MAC_OS_X_IPHONE','127.0.0.1','2018-09-18 22:42:25','2018-09-18 22:42:27',1),
	('dG9rZW5fZW5zaTE4MDkxODE0MTA0NDEw','ID_SCAF_cj4XjHXNSRmL3TWQcgoEOW3220BFonJsEO7RAmCIc',4,1,-129542204,'cmVmcmVzaF9lbnNpMTgwOTE4MTQxMDQ0MTA=','Bearer','52953858','MOBILE_SAFARI','11.0','MAC_OS_X_IPHONE','127.0.0.1','2018-09-18 22:44:10','2018-09-18 22:44:12',1),
	('dG9rZW5fZW5zaTE4MDkxODE0MTA0NDI3','ID_SCAF_cj4XjHXNSRmL3TWQcgoEOW3220BFonJsEO7RAmCIc',4,1,-129542204,'cmVmcmVzaF9lbnNpMTgwOTE4MTQxMDQ0Mjc=','Bearer','52953858','MOBILE_SAFARI','11.0','MAC_OS_X_IPHONE','127.0.0.1','2018-09-18 22:44:27','2018-09-18 22:44:29',1),
	('dG9rZW5fZW5zaTE4MDkxODE0MTA0NjU4','ID_SCAF_cj4XjHXNSRmL3TWQcgoEOW3220BFonJsEO7RAmCIc',4,1,-129542204,'cmVmcmVzaF9lbnNpMTgwOTE4MTQxMDQ2NTg=','Bearer','52953858','MOBILE_SAFARI','11.0','MAC_OS_X_IPHONE','127.0.0.1','2018-09-18 22:46:58','2018-09-18 22:47:01',1),
	('dG9rZW5fZW5zaTE4MDkxODE0MTA0ODUw','ID_SCAF_cj4XjHXNSRmL3TWQcgoEOW3220BFonJsEO7RAmCIc',4,1,-129542204,'cmVmcmVzaF9lbnNpMTgwOTE4MTQxMDQ4NTA=','Bearer','52953858','MOBILE_SAFARI','11.0','MAC_OS_X_IPHONE','127.0.0.1','2018-09-18 22:48:50','2018-09-18 22:48:53',1),
	('dG9rZW5fZW5zaTE4MDkxODE0MTA0OTQ4','ID_SCAF_cj4XjHXNSRmL3TWQcgoEOW3220BFonJsEO7RAmCIc',4,1,-129542204,'cmVmcmVzaF9lbnNpMTgwOTE4MTQxMDQ5NDg=','Bearer','52953858','MOBILE_SAFARI','11.0','MAC_OS_X_IPHONE','127.0.0.1','2018-09-18 22:49:48','2018-09-18 22:49:51',1),
	('dG9rZW5fZW5zaTE4MDkxODE0MTA1MDEx','ID_SCAF_cj4XjHXNSRmL3TWQcgoEOW3220BFonJsEO7RAmCIc',4,1,-129542204,'cmVmcmVzaF9lbnNpMTgwOTE4MTQxMDUwMTE=','Bearer','52953858','MOBILE_SAFARI','11.0','MAC_OS_X_IPHONE','127.0.0.1','2018-09-18 22:50:11','2018-09-18 22:50:13',1),
	('dG9rZW5fZW5zaTE4MDkxODE0MTA1MDUw','ID_SCAF_cj4XjHXNSRmL3TWQcgoEOW3220BFonJsEO7RAmCIc',4,1,-129542204,'cmVmcmVzaF9lbnNpMTgwOTE4MTQxMDUwNTA=','Bearer','52953858','MOBILE_SAFARI','11.0','MAC_OS_X_IPHONE','127.0.0.1','2018-09-18 22:50:50','2018-09-18 22:50:53',1),
	('dG9rZW5fZW5zaTE4MDkxODE0MTA1MjMy','ID_SCAF_cj4XjHXNSRmL3TWQcgoEOW3220BFonJsEO7RAmCIc',4,1,-129542204,'cmVmcmVzaF9lbnNpMTgwOTE4MTQxMDUyMzI=','Bearer','52953858','MOBILE_SAFARI','11.0','MAC_OS_X_IPHONE','127.0.0.1','2018-09-18 22:52:32','2018-09-18 22:54:07',1),
	('dG9rZW5fZW5zaTE4MDkxODE0MTA1MTQ0','ID_SCAF_cj4XjHXNSRmL3TWQcgoEOW3220BFonJsEO7RAmCIc',4,1,-129542204,'cmVmcmVzaF9lbnNpMTgwOTE4MTQxMDUxNDQ=','Bearer','52953858','MOBILE_SAFARI','11.0','MAC_OS_X_IPHONE','127.0.0.1','2018-09-18 22:51:44','2018-09-18 22:51:46',1),
	('dG9rZW5fZW5zaTE4MDkxODE0MTA1NzM1','ID_SCAF_cj4XjHXNSRmL3TWQcgoEOW3220BFonJsEO7RAmCIc',4,1,-129542204,'cmVmcmVzaF9lbnNpMTgwOTE4MTQxMDU3MzU=','Bearer','52953858','MOBILE_SAFARI','11.0','MAC_OS_X_IPHONE','127.0.0.1','2018-09-18 22:57:35','2018-09-18 22:57:37',1),
	('dG9rZW5fZW5zaTE4MDkxODE0MTA1ODM0','ID_SCAF_cj4XjHXNSRmL3TWQcgoEOW3220BFonJsEO7RAmCIc',4,1,-129542204,'cmVmcmVzaF9lbnNpMTgwOTE4MTQxMDU4MzQ=','Bearer','52953858','MOBILE_SAFARI','11.0','MAC_OS_X_IPHONE','127.0.0.1','2018-09-18 22:58:34','2018-09-18 22:58:37',1),
	('dG9rZW5fZW5zaTE4MDkxODE0MTAwMzA1','ID_SCAF_cj4XjHXNSRmL3TWQcgoEOW3220BFonJsEO7RAmCIc',4,1,-129542204,'cmVmcmVzaF9lbnNpMTgwOTE4MTQxMDAzMDU=','Bearer','52953858','MOBILE_SAFARI','11.0','MAC_OS_X_IPHONE','127.0.0.1','2018-09-18 22:03:05',NULL,1),
	('dG9rZW5fZW5zaTE4MDkxODE0MTAwNTQy','ID_SCAF_cj4XjHXNSRmL3TWQcgoEOW3220BFonJsEO7RAmCIc',4,1,-129542204,'cmVmcmVzaF9lbnNpMTgwOTE4MTQxMDA1NDI=','Bearer','52953858','MOBILE_SAFARI','11.0','MAC_OS_X_IPHONE','127.0.0.1','2018-09-18 22:05:42',NULL,1),
	('dG9rZW5fZW5zaTE4MDkxODE0MTAwNzE1','ID_SCAF_cj4XjHXNSRmL3TWQcgoEOW3220BFonJsEO7RAmCIc',4,1,-129542204,'cmVmcmVzaF9lbnNpMTgwOTE4MTQxMDA3MTU=','Bearer','52953858','MOBILE_SAFARI','11.0','MAC_OS_X_IPHONE','127.0.0.1','2018-09-18 22:07:15','2018-09-18 22:07:36',1),
	('dG9rZW5fZW5zaTE4MDkxODE0MTAwNzU0','ID_SCAF_cj4XjHXNSRmL3TWQcgoEOW3220BFonJsEO7RAmCIc',4,1,-129542204,'cmVmcmVzaF9lbnNpMTgwOTE4MTQxMDA3NTQ=','Bearer','52953858','MOBILE_SAFARI','11.0','MAC_OS_X_IPHONE','127.0.0.1','2018-09-18 22:07:54','2018-09-18 22:08:11',1),
	('dG9rZW5fZW5zaTE4MDkxODE0MTAyODAw','ID_SCAF_cj4XjHXNSRmL3TWQcgoEOW3220BFonJsEO7RAmCIc',4,1,-129542204,'cmVmcmVzaF9lbnNpMTgwOTE4MTQxMDI4MDA=','Bearer','52953858','MOBILE_SAFARI','11.0','MAC_OS_X_IPHONE','127.0.0.1','2018-09-18 22:28:00','2018-09-18 22:28:03',1),
	('dG9rZW5fZW5zaTE4MDkxODE0MTAzNjAz','ID_SCAF_cj4XjHXNSRmL3TWQcgoEOW3220BFonJsEO7RAmCIc',4,1,-129542204,'cmVmcmVzaF9lbnNpMTgwOTE4MTQxMDM2MDM=','Bearer','52953858','MOBILE_SAFARI','11.0','MAC_OS_X_IPHONE','127.0.0.1','2018-09-18 22:36:03','2018-09-18 22:36:06',1),
	('dG9rZW5fZW5zaTE4MDkxODE0MTAzNTQ1','ID_SCAF_cj4XjHXNSRmL3TWQcgoEOW3220BFonJsEO7RAmCIc',4,1,-129542204,'cmVmcmVzaF9lbnNpMTgwOTE4MTQxMDM1NDU=','Bearer','52953858','MOBILE_SAFARI','11.0','MAC_OS_X_IPHONE','127.0.0.1','2018-09-18 22:35:45','2018-09-18 22:35:47',1),
	('dG9rZW5fZW5zaTE4MDkxODE0MTAzNzEy','ID_SCAF_cj4XjHXNSRmL3TWQcgoEOW3220BFonJsEO7RAmCIc',4,1,-129542204,'cmVmcmVzaF9lbnNpMTgwOTE4MTQxMDM3MTI=','Bearer','52953858','MOBILE_SAFARI','11.0','MAC_OS_X_IPHONE','127.0.0.1','2018-09-18 22:37:12','2018-09-18 22:37:14',1),
	('dG9rZW5fZW5zaTE4MDkxODE0MTAzNzI1','ID_SCAF_cj4XjHXNSRmL3TWQcgoEOW3220BFonJsEO7RAmCIc',4,1,-129542204,'cmVmcmVzaF9lbnNpMTgwOTE4MTQxMDM3MjU=','Bearer','52953858','MOBILE_SAFARI','11.0','MAC_OS_X_IPHONE','127.0.0.1','2018-09-18 22:37:25',NULL,1),
	('dG9rZW5fZW5zaTE4MDkxODE0MTAzODA3','ID_SCAF_cj4XjHXNSRmL3TWQcgoEOW3220BFonJsEO7RAmCIc',4,1,-129542204,'cmVmcmVzaF9lbnNpMTgwOTE4MTQxMDM4MDc=','Bearer','52953858','MOBILE_SAFARI','11.0','MAC_OS_X_IPHONE','127.0.0.1','2018-09-18 22:38:07',NULL,1),
	('dG9rZW5fZW5zaTE4MDkxODE0MTAzODI1','ID_SCAF_cj4XjHXNSRmL3TWQcgoEOW3220BFonJsEO7RAmCIc',4,1,-129542204,'cmVmcmVzaF9lbnNpMTgwOTE4MTQxMDM4MjU=','Bearer','52953858','MOBILE_SAFARI','11.0','MAC_OS_X_IPHONE','127.0.0.1','2018-09-18 22:38:25',NULL,1),
	('dG9rZW5fZW5zaTE4MDkxODE0MTEwNjQ3','ID_SCAF_cj4XjHXNSRmL3TWQcgoEOW3220BFonJsEO7RAmCIc',4,1,-129542204,'cmVmcmVzaF9lbnNpMTgwOTE4MTQxMTA2NDc=','Bearer','52953858','MOBILE_SAFARI','11.0','MAC_OS_X_IPHONE','127.0.0.1','2018-09-18 23:06:47','2018-09-19 12:53:20',1),
	('dG9rZW5fZW5zaTE4MDkxOTAwMDcwODA3','ID_CORPORATIVO_knjwer7834hrf3897fh94f93844hr4398t',2,NULL,-129542204,'cmVmcmVzaF9lbnNpMTgwOTE5MDAwNzA4MDc=','Bearer','16843022','UNKNOWN',NULL,'UNKNOWN','127.0.0.1','2018-09-19 19:08:07','2018-09-19 19:08:08',1),
	('dG9rZW5fZW5zaTE4MDkxOTAwMDcwODA4','ID_CORPORATIVO_knjwer7834hrf3897fh94f93844hr4398t',2,NULL,-129542204,'cmVmcmVzaF9lbnNpMTgwOTE5MDAwNzA4MDg=','Bearer','16843022','UNKNOWN',NULL,'UNKNOWN','127.0.0.1','2018-09-19 19:08:08','2018-09-19 19:08:09',1),
	('dG9rZW5fZW5zaTE4MDkxOTE0MDc0MDMw','ID_SCAF_cj4XjHXNSRmL3TWQcgoEOW3220BFonJsEO7RAmCIc',4,1,-129542204,'cmVmcmVzaF9lbnNpMTgwOTE5MTQwNzQwMzA=','Bearer','52953858','MOBILE_SAFARI','11.0','MAC_OS_X_IPHONE','127.0.0.1','2018-09-19 19:40:30','2018-09-19 19:42:08',1),
	('dG9rZW5fZW5zaTE4MDkxOTE0MDc1ODI5','ID_SCAF_cj4XjHXNSRmL3TWQcgoEOW3220BFonJsEO7RAmCIc',4,1,-129542204,'cmVmcmVzaF9lbnNpMTgwOTE5MTQwNzU4Mjk=','Bearer','52953858','MOBILE_SAFARI','11.0','MAC_OS_X_IPHONE','127.0.0.1','2018-09-19 19:58:29','2018-09-19 19:58:32',1),
	('dG9rZW5fZW5zaTE4MDkxOTE0MDcwMDA5','ID_SCAF_cj4XjHXNSRmL3TWQcgoEOW3220BFonJsEO7RAmCIc',4,1,-129542204,'cmVmcmVzaF9lbnNpMTgwOTE5MTQwNzAwMDk=','Bearer','52953858','MOBILE_SAFARI','11.0','MAC_OS_X_IPHONE','127.0.0.1','2018-09-19 19:00:09','2018-09-19 19:00:11',1),
	('dG9rZW5fZW5zaTE4MDkxOTE0MDcwMjAw','ID_SCAF_cj4XjHXNSRmL3TWQcgoEOW3220BFonJsEO7RAmCIc',4,1,-129542204,'cmVmcmVzaF9lbnNpMTgwOTE5MTQwNzAyMDA=','Bearer','52953858','MOBILE_SAFARI','11.0','MAC_OS_X_IPHONE','127.0.0.1','2018-09-19 19:02:00','2018-09-19 19:02:06',1),
	('dG9rZW5fZW5zaTE4MDkxOTE0MDcwMjQy','ID_SCAF_cj4XjHXNSRmL3TWQcgoEOW3220BFonJsEO7RAmCIc',4,1,-129542204,'cmVmcmVzaF9lbnNpMTgwOTE5MTQwNzAyNDI=','Bearer','52953858','MOBILE_SAFARI','11.0','MAC_OS_X_IPHONE','127.0.0.1','2018-09-19 19:02:42','2018-09-19 19:02:58',1),
	('dG9rZW5fZW5zaTE4MDkxOTE0MDcwMTEz','ID_SCAF_cj4XjHXNSRmL3TWQcgoEOW3220BFonJsEO7RAmCIc',4,1,-129542204,'cmVmcmVzaF9lbnNpMTgwOTE5MTQwNzAxMTM=','Bearer','52953858','MOBILE_SAFARI','11.0','MAC_OS_X_IPHONE','127.0.0.1','2018-09-19 19:01:13','2018-09-19 19:01:16',1),
	('dG9rZW5fZW5zaTE4MDkxOTE0MDcwMTI3','ID_SCAF_cj4XjHXNSRmL3TWQcgoEOW3220BFonJsEO7RAmCIc',4,1,-129542204,'cmVmcmVzaF9lbnNpMTgwOTE5MTQwNzAxMjc=','Bearer','52953858','MOBILE_SAFARI','11.0','MAC_OS_X_IPHONE','127.0.0.1','2018-09-19 19:01:27','2018-09-19 19:01:29',1),
	('dG9rZW5fZW5zaTE4MDkxOTE0MDcwMTUx','ID_SCAF_cj4XjHXNSRmL3TWQcgoEOW3220BFonJsEO7RAmCIc',4,1,-129542204,'cmVmcmVzaF9lbnNpMTgwOTE5MTQwNzAxNTE=','Bearer','52953858','MOBILE_SAFARI','11.0','MAC_OS_X_IPHONE','127.0.0.1','2018-09-19 19:01:51','2018-09-19 19:01:53',1),
	('dG9rZW5fZW5zaTE4MDkxOTE0MDcwNDQ3','ID_SCAF_cj4XjHXNSRmL3TWQcgoEOW3220BFonJsEO7RAmCIc',4,1,-129542204,'cmVmcmVzaF9lbnNpMTgwOTE5MTQwNzA0NDc=','Bearer','52953858','MOBILE_SAFARI','11.0','MAC_OS_X_IPHONE','127.0.0.1','2018-09-19 19:04:47','2018-09-19 19:05:05',1),
	('dG9rZW5fZW5zaTE4MDkxOTE0MDcwNTQw','ID_SCAF_cj4XjHXNSRmL3TWQcgoEOW3220BFonJsEO7RAmCIc',4,1,-129542204,'cmVmcmVzaF9lbnNpMTgwOTE5MTQwNzA1NDA=','Bearer','52953858','MOBILE_SAFARI','11.0','MAC_OS_X_IPHONE','127.0.0.1','2018-09-19 19:05:40','2018-09-19 19:05:52',1),
	('dG9rZW5fZW5zaTE4MDkxOTE0MDcwODM0','ID_SCAF_cj4XjHXNSRmL3TWQcgoEOW3220BFonJsEO7RAmCIc',4,1,-129542204,'cmVmcmVzaF9lbnNpMTgwOTE5MTQwNzA4MzQ=','Bearer','52953858','MOBILE_SAFARI','11.0','MAC_OS_X_IPHONE','127.0.0.1','2018-09-19 19:08:34','2018-09-19 19:10:33',1),
	('dG9rZW5fZW5zaTE4MDkxOTE0MDczMDQw','ID_SCAF_cj4XjHXNSRmL3TWQcgoEOW3220BFonJsEO7RAmCIc',4,1,-129542204,'cmVmcmVzaF9lbnNpMTgwOTE5MTQwNzMwNDA=','Bearer','52953858','MOBILE_SAFARI','11.0','MAC_OS_X_IPHONE','127.0.0.1','2018-09-19 19:30:40','2018-09-19 19:30:49',1),
	('dG9rZW5fZW5zaTE4MDkxOTE0MDczMTIw','ID_SCAF_cj4XjHXNSRmL3TWQcgoEOW3220BFonJsEO7RAmCIc',4,1,-129542204,'cmVmcmVzaF9lbnNpMTgwOTE5MTQwNzMxMjA=','Bearer','52953858','MOBILE_SAFARI','11.0','MAC_OS_X_IPHONE','127.0.0.1','2018-09-19 19:31:20','2018-09-19 19:31:39',1),
	('dG9rZW5fZW5zaTE4MDkxOTE0MDczNDQ2','ID_SCAF_cj4XjHXNSRmL3TWQcgoEOW3220BFonJsEO7RAmCIc',4,1,-129542204,'cmVmcmVzaF9lbnNpMTgwOTE5MTQwNzM0NDY=','Bearer','52953858','MOBILE_SAFARI','11.0','MAC_OS_X_IPHONE','127.0.0.1','2018-09-19 19:34:46','2018-09-19 19:37:21',1),
	('dG9rZW5fZW5zaTE4MDkxOTE0MDEyMDA1','ID_SCAF_cj4XjHXNSRmL3TWQcgoEOW3220BFonJsEO7RAmCIc',4,1,-129542204,'cmVmcmVzaF9lbnNpMTgwOTE5MTQwMTIwMDU=','Bearer','52953858','MOBILE_SAFARI','11.0','MAC_OS_X_IPHONE','127.0.0.1','2018-09-19 13:20:05','2018-09-19 13:20:07',1),
	('dG9rZW5fZW5zaTE4MDkxOTE0MDEyMjQ1','ID_SCAF_cj4XjHXNSRmL3TWQcgoEOW3220BFonJsEO7RAmCIc',4,1,-129542204,'cmVmcmVzaF9lbnNpMTgwOTE5MTQwMTIyNDU=','Bearer','52953858','MOBILE_SAFARI','11.0','MAC_OS_X_IPHONE','127.0.0.1','2018-09-19 13:22:45','2018-09-19 13:22:47',1),
	('dG9rZW5fZW5zaTE4MDkxOTE0MDEyNDM2','ID_SCAF_cj4XjHXNSRmL3TWQcgoEOW3220BFonJsEO7RAmCIc',4,1,-129542204,'cmVmcmVzaF9lbnNpMTgwOTE5MTQwMTI0MzY=','Bearer','52953858','MOBILE_SAFARI','11.0','MAC_OS_X_IPHONE','127.0.0.1','2018-09-19 13:24:36','2018-09-19 18:43:33',1),
	('dG9rZW5fZW5zaTE4MDkxOTE0MDgwMjI2','ID_SCAF_cj4XjHXNSRmL3TWQcgoEOW3220BFonJsEO7RAmCIc',4,1,-129542204,'cmVmcmVzaF9lbnNpMTgwOTE5MTQwODAyMjY=','Bearer','52953858','MOBILE_SAFARI','11.0','MAC_OS_X_IPHONE','127.0.0.1','2018-09-19 20:02:26','2018-09-19 20:02:28',1),
	('dG9rZW5fZW5zaTE4MDkxOTE0MDgwMTAz','ID_SCAF_cj4XjHXNSRmL3TWQcgoEOW3220BFonJsEO7RAmCIc',4,1,-129542204,'cmVmcmVzaF9lbnNpMTgwOTE5MTQwODAxMDM=','Bearer','52953858','MOBILE_SAFARI','11.0','MAC_OS_X_IPHONE','127.0.0.1','2018-09-19 20:01:03','2018-09-19 20:01:05',1),
	('dG9rZW5fZW5zaTE4MDkxOTE0MDgwMTUw','ID_SCAF_cj4XjHXNSRmL3TWQcgoEOW3220BFonJsEO7RAmCIc',4,1,-129542204,'cmVmcmVzaF9lbnNpMTgwOTE5MTQwODAxNTA=','Bearer','52953858','MOBILE_SAFARI','11.0','MAC_OS_X_IPHONE','127.0.0.1','2018-09-19 20:01:50','2018-09-19 20:01:54',1),
	('dG9rZW5fZW5zaTE4MDkxOTE0MDgwMzQw','ID_SCAF_cj4XjHXNSRmL3TWQcgoEOW3220BFonJsEO7RAmCIc',4,1,-129542204,'cmVmcmVzaF9lbnNpMTgwOTE5MTQwODAzNDA=','Bearer','52953858','MOBILE_SAFARI','11.0','MAC_OS_X_IPHONE','127.0.0.1','2018-09-19 20:03:40','2018-09-19 20:04:00',1),
	('dG9rZW5fZW5zaTE4MDkxOTE0MDgwNDUw','ID_SCAF_cj4XjHXNSRmL3TWQcgoEOW3220BFonJsEO7RAmCIc',4,1,-129542204,'cmVmcmVzaF9lbnNpMTgwOTE5MTQwODA0NTA=','Bearer','52953858','MOBILE_SAFARI','11.0','MAC_OS_X_IPHONE','127.0.0.1','2018-09-19 20:04:50','2018-09-19 20:04:52',1),
	('dG9rZW5fZW5zaTE4MDkxOTE0MDY1NDM2','ID_SCAF_cj4XjHXNSRmL3TWQcgoEOW3220BFonJsEO7RAmCIc',4,1,-129542204,'cmVmcmVzaF9lbnNpMTgwOTE5MTQwNjU0MzY=','Bearer','52953858','MOBILE_SAFARI','11.0','MAC_OS_X_IPHONE','127.0.0.1','2018-09-19 18:54:36','2018-09-19 18:54:47',1),
	('dG9rZW5fZW5zaTE4MDkxOTE0MDY1NzAw','ID_SCAF_cj4XjHXNSRmL3TWQcgoEOW3220BFonJsEO7RAmCIc',4,1,-129542204,'cmVmcmVzaF9lbnNpMTgwOTE5MTQwNjU3MDA=','Bearer','52953858','MOBILE_SAFARI','11.0','MAC_OS_X_IPHONE','127.0.0.1','2018-09-19 18:57:00','2018-09-19 18:57:02',1),
	('dG9rZW5fZW5zaTE4MDkxOTE0MDY1ODQ3','ID_SCAF_cj4XjHXNSRmL3TWQcgoEOW3220BFonJsEO7RAmCIc',4,1,-129542204,'cmVmcmVzaF9lbnNpMTgwOTE5MTQwNjU4NDc=','Bearer','52953858','MOBILE_SAFARI','11.0','MAC_OS_X_IPHONE','127.0.0.1','2018-09-19 18:58:47','2018-09-19 18:58:50',1),
	('dG9rZW5fZW5zaTE4MDkxOTE0MTI1NDUw','ID_SCAF_cj4XjHXNSRmL3TWQcgoEOW3220BFonJsEO7RAmCIc',4,1,-129542204,'cmVmcmVzaF9lbnNpMTgwOTE5MTQxMjU0NTA=','Bearer','52953858','MOBILE_SAFARI','11.0','MAC_OS_X_IPHONE','127.0.0.1','2018-09-19 12:54:50','2018-09-19 12:54:53',1),
	('dG9rZW5fZW5zaTE4MDkxOTE0MTI1NjU0','ID_SCAF_cj4XjHXNSRmL3TWQcgoEOW3220BFonJsEO7RAmCIc',4,1,-129542204,'cmVmcmVzaF9lbnNpMTgwOTE5MTQxMjU2NTQ=','Bearer','52953858','MOBILE_SAFARI','11.0','MAC_OS_X_IPHONE','127.0.0.1','2018-09-19 12:56:54','2018-09-19 12:57:44',1),
	('dG9rZW5fZW5zaTE4MDkxOTE0MTI1NTEw','ID_SCAF_cj4XjHXNSRmL3TWQcgoEOW3220BFonJsEO7RAmCIc',4,1,-129542204,'cmVmcmVzaF9lbnNpMTgwOTE5MTQxMjU1MTA=','Bearer','52953858','MOBILE_SAFARI','11.0','MAC_OS_X_IPHONE','127.0.0.1','2018-09-19 12:55:10','2018-09-19 12:55:12',1),
	('dG9rZW5fZW5zaTE5MDExNTE0MDExNjM3','ID_SCAF_cj4XjHXNSRmL3TWQcgoEOW3220BFonJsEO7RAmCIc',4,1,-129542204,'cmVmcmVzaF9lbnNpMTkwMTE1MTQwMTE2Mzc=','Bearer','50990849','CHROME','70.0.3538.102','MAC_OS_X','127.0.0.1','2019-01-15 13:16:37',NULL,1),
	('dG9rZW5fZW5zaTE5MDExNTE0MDExOTI5','ID_SCAF_cj4XjHXNSRmL3TWQcgoEOW3220BFonJsEO7RAmCIc',4,1,-129542204,'cmVmcmVzaF9lbnNpMTkwMTE1MTQwMTE5Mjk=','Bearer','50990849','CHROME','70.0.3538.102','MAC_OS_X','127.0.0.1','2019-01-15 13:19:29',NULL,1),
	('dG9rZW5fZW5zaTE5MDExNTE0MTAwMjE1','ID_SCAF_cj4XjHXNSRmL3TWQcgoEOW3220BFonJsEO7RAmCIc',4,1,-129542204,'cmVmcmVzaF9lbnNpMTkwMTE1MTQxMDAyMTU=','Bearer','50990849','CHROME','70.0.3538.102','MAC_OS_X','127.0.0.1','2019-01-15 10:02:15','2019-03-02 21:48:14',1),
	('dG9rZW5fZW5zaTE5MDEyNjAwMDg1MTA5','ID_CORPORATIVO_knjwer7834hrf3897fh94f93844hr4398t',2,NULL,-129542204,'cmVmcmVzaF9lbnNpMTkwMTI2MDAwODUxMDk=','Bearer','16843022','UNKNOWN',NULL,'UNKNOWN','127.0.0.1','2019-01-26 20:51:09','2019-01-26 20:51:10',1),
	('dG9rZW5fZW5zaTE5MDEyNjAwMDg1MTEw','ID_CORPORATIVO_knjwer7834hrf3897fh94f93844hr4398t',2,NULL,-129542204,'cmVmcmVzaF9lbnNpMTkwMTI2MDAwODUxMTA=','Bearer','16843022','UNKNOWN',NULL,'UNKNOWN','127.0.0.1','2019-01-26 20:51:10','2019-01-26 20:51:10',1),
	('dG9rZW5fZW5zaTE5MDEyNjAwMDg1MzEy','ID_CORPORATIVO_knjwer7834hrf3897fh94f93844hr4398t',2,NULL,-129542204,'cmVmcmVzaF9lbnNpMTkwMTI2MDAwODUzMTI=','Bearer','16843022','UNKNOWN',NULL,'UNKNOWN','127.0.0.1','2019-01-26 20:53:12','2019-01-26 20:53:12',1),
	('dG9rZW5fZW5zaTE5MDEyNjAwMDg1MzEz','ID_CORPORATIVO_knjwer7834hrf3897fh94f93844hr4398t',2,NULL,-129542204,'cmVmcmVzaF9lbnNpMTkwMTI2MDAwODUzMTM=','Bearer','16843022','UNKNOWN',NULL,'UNKNOWN','127.0.0.1','2019-01-26 20:53:13','2019-01-26 20:53:14',1),
	('dG9rZW5fZW5zaTE5MDEyNjAwMDgxMjUx','ID_CORPORATIVO_knjwer7834hrf3897fh94f93844hr4398t',2,NULL,-129542204,'cmVmcmVzaF9lbnNpMTkwMTI2MDAwODEyNTE=','Bearer','16843022','UNKNOWN',NULL,'UNKNOWN','127.0.0.1','2019-01-26 20:12:51','2019-01-26 20:12:52',1),
	('dG9rZW5fZW5zaTE5MDEyNjAwMDgxMjUy','ID_CORPORATIVO_knjwer7834hrf3897fh94f93844hr4398t',2,NULL,-129542204,'cmVmcmVzaF9lbnNpMTkwMTI2MDAwODEyNTI=','Bearer','16843022','UNKNOWN',NULL,'UNKNOWN','127.0.0.1','2019-01-26 20:12:52','2019-01-26 20:12:52',1),
	('dG9rZW5fZW5zaTE5MDEyNjAwMDgxNzQy','ID_CORPORATIVO_knjwer7834hrf3897fh94f93844hr4398t',2,NULL,-129542204,'cmVmcmVzaF9lbnNpMTkwMTI2MDAwODE3NDI=','Bearer','16843022','UNKNOWN',NULL,'UNKNOWN','127.0.0.1','2019-01-26 20:17:42','2019-01-26 20:17:42',1),
	('dG9rZW5fZW5zaTE5MDEyNjAwMDgyMzA4','ID_CORPORATIVO_knjwer7834hrf3897fh94f93844hr4398t',2,NULL,-129542204,'cmVmcmVzaF9lbnNpMTkwMTI2MDAwODIzMDg=','Bearer','16843022','UNKNOWN',NULL,'UNKNOWN','127.0.0.1','2019-01-26 20:23:08','2019-01-26 20:23:09',1),
	('dG9rZW5fZW5zaTE5MDEyNjAwMDgyMzA5','ID_CORPORATIVO_knjwer7834hrf3897fh94f93844hr4398t',2,NULL,-129542204,'cmVmcmVzaF9lbnNpMTkwMTI2MDAwODIzMDk=','Bearer','16843022','UNKNOWN',NULL,'UNKNOWN','127.0.0.1','2019-01-26 20:23:09','2019-01-26 20:23:10',1),
	('dG9rZW5fZW5zaTE5MDEyNjAwMDkwMDEx','ID_CORPORATIVO_knjwer7834hrf3897fh94f93844hr4398t',2,NULL,-129542204,'cmVmcmVzaF9lbnNpMTkwMTI2MDAwOTAwMTE=','Bearer','16843022','UNKNOWN',NULL,'UNKNOWN','127.0.0.1','2019-01-26 21:00:12','2019-01-26 21:00:12',1),
	('dG9rZW5fZW5zaTE5MDEyNjAwMDkwMDEy','ID_CORPORATIVO_knjwer7834hrf3897fh94f93844hr4398t',2,NULL,-129542204,'cmVmcmVzaF9lbnNpMTkwMTI2MDAwOTAwMTI=','Bearer','16843022','UNKNOWN',NULL,'UNKNOWN','127.0.0.1','2019-01-26 21:00:12','2019-01-26 21:00:12',1),
	('dG9rZW5fZW5zaTE5MDEyNjAwMDkwNjA2','ID_CORPORATIVO_knjwer7834hrf3897fh94f93844hr4398t',2,NULL,-129542204,'cmVmcmVzaF9lbnNpMTkwMTI2MDAwOTA2MDY=','Bearer','16843022','UNKNOWN',NULL,'UNKNOWN','127.0.0.1','2019-01-26 21:06:06','2019-01-26 21:06:07',1),
	('dG9rZW5fZW5zaTE5MDEyNjAwMDkzNjE2','ID_CORPORATIVO_knjwer7834hrf3897fh94f93844hr4398t',2,NULL,-129542204,'cmVmcmVzaF9lbnNpMTkwMTI2MDAwOTM2MTY=','Bearer','16843022','UNKNOWN',NULL,'UNKNOWN','127.0.0.1','2019-01-26 21:36:16','2019-01-26 21:36:17',1),
	('dG9rZW5fZW5zaTE5MDEyNjAwMDkzNjE3','ID_CORPORATIVO_knjwer7834hrf3897fh94f93844hr4398t',2,NULL,-129542204,'cmVmcmVzaF9lbnNpMTkwMTI2MDAwOTM2MTc=','Bearer','16843022','UNKNOWN',NULL,'UNKNOWN','127.0.0.1','2019-01-26 21:36:17','2019-01-26 21:36:18',1),
	('dG9rZW5fZW5zaTE5MDEyNjAwMTA1NjEy','ID_CORPORATIVO_knjwer7834hrf3897fh94f93844hr4398t',2,NULL,-129542204,'cmVmcmVzaF9lbnNpMTkwMTI2MDAxMDU2MTI=','Bearer','16843022','UNKNOWN',NULL,'UNKNOWN','127.0.0.1','2019-01-26 22:56:12','2019-01-26 22:56:13',1),
	('dG9rZW5fZW5zaTE5MDEyNjAwMTA1NjEz','ID_CORPORATIVO_knjwer7834hrf3897fh94f93844hr4398t',2,NULL,-129542204,'cmVmcmVzaF9lbnNpMTkwMTI2MDAxMDU2MTM=','Bearer','16843022','UNKNOWN',NULL,'UNKNOWN','127.0.0.1','2019-01-26 22:56:13','2019-01-26 22:56:14',1),
	('dG9rZW5fZW5zaTE5MDEyNjAwMTAxMjUy','ID_CORPORATIVO_knjwer7834hrf3897fh94f93844hr4398t',2,NULL,-129542204,'cmVmcmVzaF9lbnNpMTkwMTI2MDAxMDEyNTI=','Bearer','16843022','UNKNOWN',NULL,'UNKNOWN','127.0.0.1','2019-01-26 22:12:52','2019-01-26 22:12:53',1),
	('dG9rZW5fZW5zaTE5MDEyNjAwMTAxMjUz','ID_CORPORATIVO_knjwer7834hrf3897fh94f93844hr4398t',2,NULL,-129542204,'cmVmcmVzaF9lbnNpMTkwMTI2MDAxMDEyNTM=','Bearer','16843022','UNKNOWN',NULL,'UNKNOWN','127.0.0.1','2019-01-26 22:12:53','2019-01-26 22:12:54',1),
	('dG9rZW5fZW5zaTE5MDEyNjAwMTAyMTU0','ID_CORPORATIVO_knjwer7834hrf3897fh94f93844hr4398t',2,NULL,-129542204,'cmVmcmVzaF9lbnNpMTkwMTI2MDAxMDIxNTQ=','Bearer','16843022','UNKNOWN',NULL,'UNKNOWN','127.0.0.1','2019-01-26 22:21:54','2019-01-26 22:21:55',1),
	('dG9rZW5fZW5zaTE5MDEyNjAwMTAyMTUz','ID_CORPORATIVO_knjwer7834hrf3897fh94f93844hr4398t',2,NULL,-129542204,'cmVmcmVzaF9lbnNpMTkwMTI2MDAxMDIxNTM=','Bearer','16843022','UNKNOWN',NULL,'UNKNOWN','127.0.0.1','2019-01-26 22:21:53','2019-01-26 22:21:54',1),
	('dG9rZW5fZW5zaTE5MDEyNjAwMTAyNTI5','ID_CORPORATIVO_knjwer7834hrf3897fh94f93844hr4398t',2,NULL,-129542204,'cmVmcmVzaF9lbnNpMTkwMTI2MDAxMDI1Mjk=','Bearer','16843022','UNKNOWN',NULL,'UNKNOWN','127.0.0.1','2019-01-26 22:25:29','2019-01-26 22:25:30',1),
	('dG9rZW5fZW5zaTE5MDEyNjAwMTAyNTMw','ID_CORPORATIVO_knjwer7834hrf3897fh94f93844hr4398t',2,NULL,-129542204,'cmVmcmVzaF9lbnNpMTkwMTI2MDAxMDI1MzA=','Bearer','16843022','UNKNOWN',NULL,'UNKNOWN','127.0.0.1','2019-01-26 22:25:30','2019-01-26 22:25:30',1),
	('dG9rZW5fZW5zaTE5MDEyNjAwMTAyODMw','ID_CORPORATIVO_knjwer7834hrf3897fh94f93844hr4398t',2,NULL,-129542204,'cmVmcmVzaF9lbnNpMTkwMTI2MDAxMDI4MzA=','Bearer','16843022','UNKNOWN',NULL,'UNKNOWN','127.0.0.1','2019-01-26 22:28:30','2019-01-26 22:28:31',1),
	('dG9rZW5fZW5zaTE5MDEyNjAwMTAyODMx','ID_CORPORATIVO_knjwer7834hrf3897fh94f93844hr4398t',2,NULL,-129542204,'cmVmcmVzaF9lbnNpMTkwMTI2MDAxMDI4MzE=','Bearer','16843022','UNKNOWN',NULL,'UNKNOWN','127.0.0.1','2019-01-26 22:28:31','2019-01-26 22:28:32',1),
	('dG9rZW5fZW5zaTE5MDEyNjE0MDg1MTM4','ID_SCAF_cj4XjHXNSRmL3TWQcgoEOW3220BFonJsEO7RAmCIc',4,1,-129542204,'cmVmcmVzaF9lbnNpMTkwMTI2MTQwODUxMzg=','Bearer','50990849','CHROME','70.0.3538.102','MAC_OS_X','127.0.0.1','2019-01-26 20:51:38','2019-03-13 08:19:31',1),
	('dG9rZW5fZW5zaTE5MDEyNjE0MDg1MTU0','ID_SCAF_cj4XjHXNSRmL3TWQcgoEOW3220BFonJsEO7RAmCIc',4,1,-129542204,'cmVmcmVzaF9lbnNpMTkwMTI2MTQwODUxNTQ=','Bearer','50990849','CHROME','70.0.3538.102','MAC_OS_X','127.0.0.1','2019-01-26 20:51:54',NULL,1),
	('dG9rZW5fZW5zaTE5MDEyNjE0MDgwNzQ5','ID_SCAF_cj4XjHXNSRmL3TWQcgoEOW3220BFonJsEO7RAmCIc',4,1,-129542204,'cmVmcmVzaF9lbnNpMTkwMTI2MTQwODA3NDk=','Bearer','50990849','CHROME','70.0.3538.102','MAC_OS_X','127.0.0.1','2019-01-26 20:07:49','2019-03-13 08:33:16',1),
	('dG9rZW5fZW5zaTE5MDIyMzAwMDM0MTMw','ID_CORPORATIVO_knjwer7834hrf3897fh94f93844hr4398t',2,NULL,-129542204,'cmVmcmVzaF9lbnNpMTkwMjIzMDAwMzQxMzA=','Bearer','16843022','UNKNOWN',NULL,'UNKNOWN','127.0.0.1','2019-02-23 15:41:30','2019-02-23 15:41:31',1),
	('dG9rZW5fZW5zaTE5MDIyMzAwMDM0MTMx','ID_CORPORATIVO_knjwer7834hrf3897fh94f93844hr4398t',2,NULL,-129542204,'cmVmcmVzaF9lbnNpMTkwMjIzMDAwMzQxMzE=','Bearer','16843022','UNKNOWN',NULL,'UNKNOWN','127.0.0.1','2019-02-23 15:41:31','2019-02-23 15:41:32',1),
	('dG9rZW5fZW5zaTE5MDIyMzAwMDM0NTU0','ID_CORPORATIVO_knjwer7834hrf3897fh94f93844hr4398t',2,NULL,-129542204,'cmVmcmVzaF9lbnNpMTkwMjIzMDAwMzQ1NTQ=','Bearer','16843022','UNKNOWN',NULL,'UNKNOWN','127.0.0.1','2019-02-23 15:45:54','2019-02-23 15:45:55',1),
	('dG9rZW5fZW5zaTE5MDIyMzAwMDM0NTU1','ID_CORPORATIVO_knjwer7834hrf3897fh94f93844hr4398t',2,NULL,-129542204,'cmVmcmVzaF9lbnNpMTkwMjIzMDAwMzQ1NTU=','Bearer','16843022','UNKNOWN',NULL,'UNKNOWN','127.0.0.1','2019-02-23 15:45:55','2019-02-23 15:45:56',1),
	('dG9rZW5fZW5zaTE5MDIyMzAwMDMwMjAw','ID_CORPORATIVO_knjwer7834hrf3897fh94f93844hr4398t',2,NULL,-129542204,'cmVmcmVzaF9lbnNpMTkwMjIzMDAwMzAyMDA=','Bearer','16843022','UNKNOWN',NULL,'UNKNOWN','127.0.0.1','2019-02-23 15:02:00','2019-02-23 15:02:01',1),
	('dG9rZW5fZW5zaTE5MDIyMzAwMDMwMTU5','ID_CORPORATIVO_knjwer7834hrf3897fh94f93844hr4398t',2,NULL,-129542204,'cmVmcmVzaF9lbnNpMTkwMjIzMDAwMzAxNTk=','Bearer','16843022','UNKNOWN',NULL,'UNKNOWN','127.0.0.1','2019-02-23 15:01:59','2019-02-23 15:02:00',1),
	('dG9rZW5fZW5zaTE5MDIyMzAwMDMyMzI4','ID_CORPORATIVO_knjwer7834hrf3897fh94f93844hr4398t',2,NULL,-129542204,'cmVmcmVzaF9lbnNpMTkwMjIzMDAwMzIzMjg=','Bearer','16843022','UNKNOWN',NULL,'UNKNOWN','127.0.0.1','2019-02-23 15:23:28','2019-02-23 15:23:29',1),
	('dG9rZW5fZW5zaTE5MDIyMzAwMDMyMzI5','ID_CORPORATIVO_knjwer7834hrf3897fh94f93844hr4398t',2,NULL,-129542204,'cmVmcmVzaF9lbnNpMTkwMjIzMDAwMzIzMjk=','Bearer','16843022','UNKNOWN',NULL,'UNKNOWN','127.0.0.1','2019-02-23 15:23:29','2019-02-23 15:23:29',1),
	('dG9rZW5fZW5zaTE5MDIyMzAwMDMzNjIx','ID_CORPORATIVO_knjwer7834hrf3897fh94f93844hr4398t',2,NULL,-129542204,'cmVmcmVzaF9lbnNpMTkwMjIzMDAwMzM2MjE=','Bearer','16843022','UNKNOWN',NULL,'UNKNOWN','127.0.0.1','2019-02-23 15:36:21','2019-02-23 15:36:22',1),
	('dG9rZW5fZW5zaTE5MDIyMzAwMDMzNjIy','ID_CORPORATIVO_knjwer7834hrf3897fh94f93844hr4398t',2,NULL,-129542204,'cmVmcmVzaF9lbnNpMTkwMjIzMDAwMzM2MjI=','Bearer','16843022','UNKNOWN',NULL,'UNKNOWN','127.0.0.1','2019-02-23 15:36:22','2019-02-23 15:36:23',1),
	('dG9rZW5fZW5zaTE5MDIyMzAwMDQ0NTQ4','ID_CORPORATIVO_knjwer7834hrf3897fh94f93844hr4398t',2,NULL,-129542204,'cmVmcmVzaF9lbnNpMTkwMjIzMDAwNDQ1NDg=','Bearer','16843022','UNKNOWN',NULL,'UNKNOWN','127.0.0.1','2019-02-23 16:45:48','2019-02-23 16:45:49',1),
	('dG9rZW5fZW5zaTE5MDIyMzAwMDQ0NTQ5','ID_CORPORATIVO_knjwer7834hrf3897fh94f93844hr4398t',2,NULL,-129542204,'cmVmcmVzaF9lbnNpMTkwMjIzMDAwNDQ1NDk=','Bearer','16843022','UNKNOWN',NULL,'UNKNOWN','127.0.0.1','2019-02-23 16:45:49','2019-02-23 16:45:50',1),
	('dG9rZW5fZW5zaTE5MDIyMzAwMDQ0ODQ5','ID_CORPORATIVO_knjwer7834hrf3897fh94f93844hr4398t',2,NULL,-129542204,'cmVmcmVzaF9lbnNpMTkwMjIzMDAwNDQ4NDk=','Bearer','16843022','UNKNOWN',NULL,'UNKNOWN','127.0.0.1','2019-02-23 16:48:49','2019-02-23 16:48:50',1),
	('dG9rZW5fZW5zaTE5MDIyMzAwMDQ0ODUw','ID_CORPORATIVO_knjwer7834hrf3897fh94f93844hr4398t',2,NULL,-129542204,'cmVmcmVzaF9lbnNpMTkwMjIzMDAwNDQ4NTA=','Bearer','16843022','UNKNOWN',NULL,'UNKNOWN','127.0.0.1','2019-02-23 16:48:50','2019-02-23 16:48:50',1),
	('dG9rZW5fZW5zaTE5MDIyMzAwMDQ0OTU4','ID_CORPORATIVO_knjwer7834hrf3897fh94f93844hr4398t',2,NULL,-129542204,'cmVmcmVzaF9lbnNpMTkwMjIzMDAwNDQ5NTg=','Bearer','16843022','UNKNOWN',NULL,'UNKNOWN','127.0.0.1','2019-02-23 16:49:58','2019-02-23 16:49:59',1),
	('dG9rZW5fZW5zaTE5MDIyMzAwMDQ0OTU5','ID_CORPORATIVO_knjwer7834hrf3897fh94f93844hr4398t',2,NULL,-129542204,'cmVmcmVzaF9lbnNpMTkwMjIzMDAwNDQ5NTk=','Bearer','16843022','UNKNOWN',NULL,'UNKNOWN','127.0.0.1','2019-02-23 16:49:59','2019-02-23 16:50:00',1),
	('dG9rZW5fZW5zaTE5MDIyMzAwMDQ1MDAw','ID_CORPORATIVO_knjwer7834hrf3897fh94f93844hr4398t',2,NULL,-129542204,'cmVmcmVzaF9lbnNpMTkwMjIzMDAwNDUwMDA=','Bearer','16843022','UNKNOWN',NULL,'UNKNOWN','127.0.0.1','2019-02-23 16:50:00','2019-02-23 16:50:01',1),
	('dG9rZW5fZW5zaTE5MDIyMzAwMDQxMzUw','ID_CORPORATIVO_knjwer7834hrf3897fh94f93844hr4398t',2,NULL,-129542204,'cmVmcmVzaF9lbnNpMTkwMjIzMDAwNDEzNTA=','Bearer','16843022','UNKNOWN',NULL,'UNKNOWN','127.0.0.1','2019-02-23 16:13:50','2019-02-23 16:13:51',1),
	('dG9rZW5fZW5zaTE5MDIyMzAwMDQxMzUx','ID_CORPORATIVO_knjwer7834hrf3897fh94f93844hr4398t',2,NULL,-129542204,'cmVmcmVzaF9lbnNpMTkwMjIzMDAwNDEzNTE=','Bearer','16843022','UNKNOWN',NULL,'UNKNOWN','127.0.0.1','2019-02-23 16:13:51','2019-02-23 16:13:52',1),
	('dG9rZW5fZW5zaTE5MDIyMzAwMDQxNzA5','ID_CORPORATIVO_knjwer7834hrf3897fh94f93844hr4398t',2,NULL,-129542204,'cmVmcmVzaF9lbnNpMTkwMjIzMDAwNDE3MDk=','Bearer','16843022','UNKNOWN',NULL,'UNKNOWN','127.0.0.1','2019-02-23 16:17:09','2019-02-23 16:17:10',1),
	('dG9rZW5fZW5zaTE5MDIyMzAwMDQxNzEw','ID_CORPORATIVO_knjwer7834hrf3897fh94f93844hr4398t',2,NULL,-129542204,'cmVmcmVzaF9lbnNpMTkwMjIzMDAwNDE3MTA=','Bearer','16843022','UNKNOWN',NULL,'UNKNOWN','127.0.0.1','2019-02-23 16:17:10','2019-02-23 16:17:11',1),
	('dG9rZW5fZW5zaTE5MDIyMzAwMDQzMTQ0','ID_CORPORATIVO_knjwer7834hrf3897fh94f93844hr4398t',2,NULL,-129542204,'cmVmcmVzaF9lbnNpMTkwMjIzMDAwNDMxNDQ=','Bearer','16843022','UNKNOWN',NULL,'UNKNOWN','127.0.0.1','2019-02-23 16:31:44','2019-02-23 16:31:45',1),
	('dG9rZW5fZW5zaTE5MDIyMzAwMDQzMTQ1','ID_CORPORATIVO_knjwer7834hrf3897fh94f93844hr4398t',2,NULL,-129542204,'cmVmcmVzaF9lbnNpMTkwMjIzMDAwNDMxNDU=','Bearer','16843022','UNKNOWN',NULL,'UNKNOWN','127.0.0.1','2019-02-23 16:31:45','2019-02-23 16:31:46',1),
	('dG9rZW5fZW5zaTE5MDIyMzAwMDQzMTQ2','ID_CORPORATIVO_knjwer7834hrf3897fh94f93844hr4398t',2,NULL,-129542204,'cmVmcmVzaF9lbnNpMTkwMjIzMDAwNDMxNDY=','Bearer','16843022','UNKNOWN',NULL,'UNKNOWN','127.0.0.1','2019-02-23 16:31:46','2019-02-23 16:31:46',1),
	('dG9rZW5fZW5zaTE5MDIyMzAwMDU0MDEw','ID_CORPORATIVO_knjwer7834hrf3897fh94f93844hr4398t',2,NULL,-129542204,'cmVmcmVzaF9lbnNpMTkwMjIzMDAwNTQwMTA=','Bearer','16843022','UNKNOWN',NULL,'UNKNOWN','127.0.0.1','2019-02-23 17:40:10','2019-02-23 17:40:11',1),
	('dG9rZW5fZW5zaTE5MDIyMzAwMDU0MDEx','ID_CORPORATIVO_knjwer7834hrf3897fh94f93844hr4398t',2,NULL,-129542204,'cmVmcmVzaF9lbnNpMTkwMjIzMDAwNTQwMTE=','Bearer','16843022','UNKNOWN',NULL,'UNKNOWN','127.0.0.1','2019-02-23 17:40:11','2019-02-23 17:40:12',1),
	('dG9rZW5fZW5zaTE5MDIyMzAwMDU0MDEy','ID_CORPORATIVO_knjwer7834hrf3897fh94f93844hr4398t',2,NULL,-129542204,'cmVmcmVzaF9lbnNpMTkwMjIzMDAwNTQwMTI=','Bearer','16843022','UNKNOWN',NULL,'UNKNOWN','127.0.0.1','2019-02-23 17:40:12','2019-02-23 17:40:12',1),
	('dG9rZW5fZW5zaTE5MDIyMzAwMDU0MzUy','ID_CORPORATIVO_knjwer7834hrf3897fh94f93844hr4398t',2,NULL,-129542204,'cmVmcmVzaF9lbnNpMTkwMjIzMDAwNTQzNTI=','Bearer','16843022','UNKNOWN',NULL,'UNKNOWN','127.0.0.1','2019-02-23 17:43:52','2019-02-23 17:43:53',1),
	('dG9rZW5fZW5zaTE5MDIyMzAwMDU0MzUz','ID_CORPORATIVO_knjwer7834hrf3897fh94f93844hr4398t',2,NULL,-129542204,'cmVmcmVzaF9lbnNpMTkwMjIzMDAwNTQzNTM=','Bearer','16843022','UNKNOWN',NULL,'UNKNOWN','127.0.0.1','2019-02-23 17:43:53','2019-02-23 17:43:53',1),
	('dG9rZW5fZW5zaTE5MDIyMzAwMDYzNTE1','ID_CORPORATIVO_knjwer7834hrf3897fh94f93844hr4398t',2,NULL,-129542204,'cmVmcmVzaF9lbnNpMTkwMjIzMDAwNjM1MTU=','Bearer','16843022','UNKNOWN',NULL,'UNKNOWN','127.0.0.1','2019-02-23 18:35:15','2019-02-23 18:35:16',1),
	('dG9rZW5fZW5zaTE5MDIyMzAwMDYzNTE3','ID_CORPORATIVO_knjwer7834hrf3897fh94f93844hr4398t',2,NULL,-129542204,'cmVmcmVzaF9lbnNpMTkwMjIzMDAwNjM1MTc=','Bearer','16843022','UNKNOWN',NULL,'UNKNOWN','127.0.0.1','2019-02-23 18:35:17','2019-02-23 18:35:18',1),
	('dG9rZW5fZW5zaTE5MDIyMzAwMDYzNTE4','ID_CORPORATIVO_knjwer7834hrf3897fh94f93844hr4398t',2,NULL,-129542204,'cmVmcmVzaF9lbnNpMTkwMjIzMDAwNjM1MTg=','Bearer','16843022','UNKNOWN',NULL,'UNKNOWN','127.0.0.1','2019-02-23 18:35:18','2019-02-23 18:35:18',1),
	('dG9rZW5fZW5zaTE5MDIyMzAwMDYzNzU4','ID_CORPORATIVO_knjwer7834hrf3897fh94f93844hr4398t',2,NULL,-129542204,'cmVmcmVzaF9lbnNpMTkwMjIzMDAwNjM3NTg=','Bearer','16843022','UNKNOWN',NULL,'UNKNOWN','127.0.0.1','2019-02-23 18:37:58','2019-02-23 18:37:59',1),
	('dG9rZW5fZW5zaTE5MDIyMzAwMDYzNzU5','ID_CORPORATIVO_knjwer7834hrf3897fh94f93844hr4398t',2,NULL,-129542204,'cmVmcmVzaF9lbnNpMTkwMjIzMDAwNjM3NTk=','Bearer','16843022','UNKNOWN',NULL,'UNKNOWN','127.0.0.1','2019-02-23 18:38:00','2019-02-23 18:38:00',1),
	('dG9rZW5fZW5zaTE5MDIyMzAwMDYzOTUx','ID_CORPORATIVO_knjwer7834hrf3897fh94f93844hr4398t',2,NULL,-129542204,'cmVmcmVzaF9lbnNpMTkwMjIzMDAwNjM5NTE=','Bearer','16843022','UNKNOWN',NULL,'UNKNOWN','127.0.0.1','2019-02-23 18:39:51','2019-02-23 18:39:52',1),
	('dG9rZW5fZW5zaTE5MDIyMzAwMDYzOTUy','ID_CORPORATIVO_knjwer7834hrf3897fh94f93844hr4398t',2,NULL,-129542204,'cmVmcmVzaF9lbnNpMTkwMjIzMDAwNjM5NTI=','Bearer','16843022','UNKNOWN',NULL,'UNKNOWN','127.0.0.1','2019-02-23 18:39:52','2019-02-23 18:39:53',1),
	('dG9rZW5fZW5zaTE5MDIyMzAwMDYzOTUz','ID_CORPORATIVO_knjwer7834hrf3897fh94f93844hr4398t',2,NULL,-129542204,'cmVmcmVzaF9lbnNpMTkwMjIzMDAwNjM5NTM=','Bearer','16843022','UNKNOWN',NULL,'UNKNOWN','127.0.0.1','2019-02-23 18:39:53','2019-02-23 18:39:53',1),
	('dG9rZW5fZW5zaTE5MDIyMzAwMTA1ODU0','ID_CORPORATIVO_knjwer7834hrf3897fh94f93844hr4398t',2,NULL,-129542204,'cmVmcmVzaF9lbnNpMTkwMjIzMDAxMDU4NTQ=','Bearer','16843022','UNKNOWN',NULL,'UNKNOWN','127.0.0.1','2019-02-23 10:58:54','2019-02-23 10:58:55',1),
	('dG9rZW5fZW5zaTE5MDIyMzAwMTA1ODUz','ID_CORPORATIVO_knjwer7834hrf3897fh94f93844hr4398t',2,NULL,-129542204,'cmVmcmVzaF9lbnNpMTkwMjIzMDAxMDU4NTM=','Bearer','16843022','UNKNOWN',NULL,'UNKNOWN','127.0.0.1','2019-02-23 10:58:53','2019-02-23 10:58:54',1),
	('dG9rZW5fZW5zaTE5MDIyMzAwMTAyMzMx','ID_CORPORATIVO_knjwer7834hrf3897fh94f93844hr4398t',2,NULL,-129542204,'cmVmcmVzaF9lbnNpMTkwMjIzMDAxMDIzMzE=','Bearer','16843022','UNKNOWN',NULL,'UNKNOWN','127.0.0.1','2019-02-23 10:23:31','2019-02-23 10:23:32',1),
	('dG9rZW5fZW5zaTE5MDIyMzAwMTAyMzMy','ID_CORPORATIVO_knjwer7834hrf3897fh94f93844hr4398t',2,NULL,-129542204,'cmVmcmVzaF9lbnNpMTkwMjIzMDAxMDIzMzI=','Bearer','16843022','UNKNOWN',NULL,'UNKNOWN','127.0.0.1','2019-02-23 10:23:32','2019-02-23 10:23:33',1),
	('dG9rZW5fZW5zaTE5MDIyMzAwMTAyMzMz','ID_CORPORATIVO_knjwer7834hrf3897fh94f93844hr4398t',2,NULL,-129542204,'cmVmcmVzaF9lbnNpMTkwMjIzMDAxMDIzMzM=','Bearer','16843022','UNKNOWN',NULL,'UNKNOWN','127.0.0.1','2019-02-23 10:23:33','2019-02-23 10:23:34',1),
	('dG9rZW5fZW5zaTE5MDIyMzAwMTE1NzM0','ID_CORPORATIVO_knjwer7834hrf3897fh94f93844hr4398t',2,NULL,-129542204,'cmVmcmVzaF9lbnNpMTkwMjIzMDAxMTU3MzQ=','Bearer','16843022','UNKNOWN',NULL,'UNKNOWN','127.0.0.1','2019-02-23 11:57:34','2019-02-23 11:57:35',1),
	('dG9rZW5fZW5zaTE5MDIyMzAwMTE1NzM1','ID_CORPORATIVO_knjwer7834hrf3897fh94f93844hr4398t',2,NULL,-129542204,'cmVmcmVzaF9lbnNpMTkwMjIzMDAxMTU3MzU=','Bearer','16843022','UNKNOWN',NULL,'UNKNOWN','127.0.0.1','2019-02-23 11:57:35','2019-02-23 11:57:36',1),
	('dG9rZW5fZW5zaTE5MDIyMzAwMTExMTA1','ID_CORPORATIVO_knjwer7834hrf3897fh94f93844hr4398t',2,NULL,-129542204,'cmVmcmVzaF9lbnNpMTkwMjIzMDAxMTExMDU=','Bearer','16843022','UNKNOWN',NULL,'UNKNOWN','127.0.0.1','2019-02-23 11:11:05','2019-02-23 11:11:06',1),
	('dG9rZW5fZW5zaTE5MDIyMzAwMTExMTA2','ID_CORPORATIVO_knjwer7834hrf3897fh94f93844hr4398t',2,NULL,-129542204,'cmVmcmVzaF9lbnNpMTkwMjIzMDAxMTExMDY=','Bearer','16843022','UNKNOWN',NULL,'UNKNOWN','127.0.0.1','2019-02-23 11:11:06','2019-02-23 11:11:07',1),
	('dG9rZW5fZW5zaTE5MDIyMzAwMTExMTA3','ID_CORPORATIVO_knjwer7834hrf3897fh94f93844hr4398t',2,NULL,-129542204,'cmVmcmVzaF9lbnNpMTkwMjIzMDAxMTExMDc=','Bearer','16843022','UNKNOWN',NULL,'UNKNOWN','127.0.0.1','2019-02-23 11:11:07','2019-02-23 11:11:07',1),
	('dG9rZW5fZW5zaTE5MDIyMzAwMTI0MTE3','ID_CORPORATIVO_knjwer7834hrf3897fh94f93844hr4398t',2,NULL,-129542204,'cmVmcmVzaF9lbnNpMTkwMjIzMDAxMjQxMTc=','Bearer','16843022','UNKNOWN',NULL,'UNKNOWN','127.0.0.1','2019-02-23 12:41:17','2019-02-23 12:41:18',1),
	('dG9rZW5fZW5zaTE5MDIyMzAwMTI0MTE4','ID_CORPORATIVO_knjwer7834hrf3897fh94f93844hr4398t',2,NULL,-129542204,'cmVmcmVzaF9lbnNpMTkwMjIzMDAxMjQxMTg=','Bearer','16843022','UNKNOWN',NULL,'UNKNOWN','127.0.0.1','2019-02-23 12:41:18','2019-02-23 12:41:19',1),
	('dG9rZW5fZW5zaTE5MDIyMzAwMTI0MTE5','ID_CORPORATIVO_knjwer7834hrf3897fh94f93844hr4398t',2,NULL,-129542204,'cmVmcmVzaF9lbnNpMTkwMjIzMDAxMjQxMTk=','Bearer','16843022','UNKNOWN',NULL,'UNKNOWN','127.0.0.1','2019-02-23 12:41:19','2019-02-23 12:41:19',1),
	('dG9rZW5fZW5zaTE5MDIyMzAwMTIzOTM2','ID_CORPORATIVO_knjwer7834hrf3897fh94f93844hr4398t',2,NULL,-129542204,'cmVmcmVzaF9lbnNpMTkwMjIzMDAxMjM5MzY=','Bearer','16843022','UNKNOWN',NULL,'UNKNOWN','127.0.0.1','2019-02-23 12:39:36','2019-02-23 12:39:37',1),
	('dG9rZW5fZW5zaTE5MDIyMzAwMTIzOTM3','ID_CORPORATIVO_knjwer7834hrf3897fh94f93844hr4398t',2,NULL,-129542204,'cmVmcmVzaF9lbnNpMTkwMjIzMDAxMjM5Mzc=','Bearer','16843022','UNKNOWN',NULL,'UNKNOWN','127.0.0.1','2019-02-23 12:39:37','2019-02-23 12:39:37',1),
	('dG9rZW5fZW5zaTE5MDIyNDAwMDE0NTU2','ID_CORPORATIVO_knjwer7834hrf3897fh94f93844hr4398t',2,NULL,-129542204,'cmVmcmVzaF9lbnNpMTkwMjI0MDAwMTQ1NTY=','Bearer','16843022','UNKNOWN',NULL,'UNKNOWN','127.0.0.1','2019-02-24 13:45:56','2019-02-24 13:45:57',1),
	('dG9rZW5fZW5zaTE5MDIyNDAwMDE0NTU3','ID_CORPORATIVO_knjwer7834hrf3897fh94f93844hr4398t',2,NULL,-129542204,'cmVmcmVzaF9lbnNpMTkwMjI0MDAwMTQ1NTc=','Bearer','16843022','UNKNOWN',NULL,'UNKNOWN','127.0.0.1','2019-02-24 13:45:57','2019-02-24 13:45:58',1),
	('dG9rZW5fZW5zaTE5MDIyNDAwMDE1MDI0','ID_CORPORATIVO_knjwer7834hrf3897fh94f93844hr4398t',2,NULL,-129542204,'cmVmcmVzaF9lbnNpMTkwMjI0MDAwMTUwMjQ=','Bearer','16843022','UNKNOWN',NULL,'UNKNOWN','127.0.0.1','2019-02-24 13:50:24','2019-02-24 13:50:24',1),
	('dG9rZW5fZW5zaTE5MDIyNDAwMDE1MDI1','ID_CORPORATIVO_knjwer7834hrf3897fh94f93844hr4398t',2,NULL,-129542204,'cmVmcmVzaF9lbnNpMTkwMjI0MDAwMTUwMjU=','Bearer','16843022','UNKNOWN',NULL,'UNKNOWN','127.0.0.1','2019-02-24 13:50:25','2019-02-24 13:50:25',1),
	('dG9rZW5fZW5zaTE5MDIyNDAwMDE1MDIz','ID_CORPORATIVO_knjwer7834hrf3897fh94f93844hr4398t',2,NULL,-129542204,'cmVmcmVzaF9lbnNpMTkwMjI0MDAwMTUwMjM=','Bearer','16843022','UNKNOWN',NULL,'UNKNOWN','127.0.0.1','2019-02-24 13:50:23','2019-02-24 13:50:24',1),
	('dG9rZW5fZW5zaTE5MDIyNDAwMDEzMzE4','ID_CORPORATIVO_knjwer7834hrf3897fh94f93844hr4398t',2,NULL,-129542204,'cmVmcmVzaF9lbnNpMTkwMjI0MDAwMTMzMTg=','Bearer','16843022','UNKNOWN',NULL,'UNKNOWN','127.0.0.1','2019-02-24 13:33:19','2019-02-24 13:33:19',1),
	('dG9rZW5fZW5zaTE5MDIyNDAwMDEzMzE5','ID_CORPORATIVO_knjwer7834hrf3897fh94f93844hr4398t',2,NULL,-129542204,'cmVmcmVzaF9lbnNpMTkwMjI0MDAwMTMzMTk=','Bearer','16843022','UNKNOWN',NULL,'UNKNOWN','127.0.0.1','2019-02-24 13:33:19','2019-02-24 13:33:20',1),
	('dG9rZW5fZW5zaTE5MDIyNDAwMDEzMzIw','ID_CORPORATIVO_knjwer7834hrf3897fh94f93844hr4398t',2,NULL,-129542204,'cmVmcmVzaF9lbnNpMTkwMjI0MDAwMTMzMjA=','Bearer','16843022','UNKNOWN',NULL,'UNKNOWN','127.0.0.1','2019-02-24 13:33:20','2019-02-24 13:33:20',1),
	('dG9rZW5fZW5zaTE5MDIyNDAwMDk0NDQ0','ID_CORPORATIVO_knjwer7834hrf3897fh94f93844hr4398t',2,NULL,-129542204,'cmVmcmVzaF9lbnNpMTkwMjI0MDAwOTQ0NDQ=','Bearer','16843022','UNKNOWN',NULL,'UNKNOWN','127.0.0.1','2019-02-24 09:44:44','2019-02-24 09:44:45',1),
	('dG9rZW5fZW5zaTE5MDIyNDAwMDk0NDQ1','ID_CORPORATIVO_knjwer7834hrf3897fh94f93844hr4398t',2,NULL,-129542204,'cmVmcmVzaF9lbnNpMTkwMjI0MDAwOTQ0NDU=','Bearer','16843022','UNKNOWN',NULL,'UNKNOWN','127.0.0.1','2019-02-24 09:44:45','2019-02-24 09:44:46',1),
	('dG9rZW5fZW5zaTE5MDIyNDAwMDk0NDQ2','ID_CORPORATIVO_knjwer7834hrf3897fh94f93844hr4398t',2,NULL,-129542204,'cmVmcmVzaF9lbnNpMTkwMjI0MDAwOTQ0NDY=','Bearer','16843022','UNKNOWN',NULL,'UNKNOWN','127.0.0.1','2019-02-24 09:44:46','2019-02-24 09:44:47',1),
	('dG9rZW5fZW5zaTE5MDIyNDAwMTA0ODE2','ID_CORPORATIVO_knjwer7834hrf3897fh94f93844hr4398t',2,NULL,-129542204,'cmVmcmVzaF9lbnNpMTkwMjI0MDAxMDQ4MTY=','Bearer','16843022','UNKNOWN',NULL,'UNKNOWN','127.0.0.1','2019-02-24 10:48:16','2019-02-24 10:48:17',1),
	('dG9rZW5fZW5zaTE5MDIyNDAwMTA0ODE3','ID_CORPORATIVO_knjwer7834hrf3897fh94f93844hr4398t',2,NULL,-129542204,'cmVmcmVzaF9lbnNpMTkwMjI0MDAxMDQ4MTc=','Bearer','16843022','UNKNOWN',NULL,'UNKNOWN','127.0.0.1','2019-02-24 10:48:17','2019-02-24 10:48:18',1),
	('dG9rZW5fZW5zaTE5MDIyNDAwMTA1MDA1','ID_CORPORATIVO_knjwer7834hrf3897fh94f93844hr4398t',2,NULL,-129542204,'cmVmcmVzaF9lbnNpMTkwMjI0MDAxMDUwMDU=','Bearer','16843022','UNKNOWN',NULL,'UNKNOWN','127.0.0.1','2019-02-24 10:50:05','2019-02-24 10:50:06',1),
	('dG9rZW5fZW5zaTE5MDIyNDAwMTA1MDA2','ID_CORPORATIVO_knjwer7834hrf3897fh94f93844hr4398t',2,NULL,-129542204,'cmVmcmVzaF9lbnNpMTkwMjI0MDAxMDUwMDY=','Bearer','16843022','UNKNOWN',NULL,'UNKNOWN','127.0.0.1','2019-02-24 10:50:06','2019-02-24 10:50:07',1),
	('dG9rZW5fZW5zaTE5MDIyNDAwMTA1MzIx','ID_CORPORATIVO_knjwer7834hrf3897fh94f93844hr4398t',2,NULL,-129542204,'cmVmcmVzaF9lbnNpMTkwMjI0MDAxMDUzMjE=','Bearer','16843022','UNKNOWN',NULL,'UNKNOWN','127.0.0.1','2019-02-24 10:53:21','2019-02-24 10:53:22',1),
	('dG9rZW5fZW5zaTE5MDIyNDAwMTA1MzIy','ID_CORPORATIVO_knjwer7834hrf3897fh94f93844hr4398t',2,NULL,-129542204,'cmVmcmVzaF9lbnNpMTkwMjI0MDAxMDUzMjI=','Bearer','16843022','UNKNOWN',NULL,'UNKNOWN','127.0.0.1','2019-02-24 10:53:22','2019-02-24 10:53:23',1),
	('dG9rZW5fZW5zaTE5MDIyNDAwMTA1MzIz','ID_CORPORATIVO_knjwer7834hrf3897fh94f93844hr4398t',2,NULL,-129542204,'cmVmcmVzaF9lbnNpMTkwMjI0MDAxMDUzMjM=','Bearer','16843022','UNKNOWN',NULL,'UNKNOWN','127.0.0.1','2019-02-24 10:53:23','2019-02-24 10:53:23',1),
	('dG9rZW5fZW5zaTE5MDIyNDAwMTAzMTA3','ID_CORPORATIVO_knjwer7834hrf3897fh94f93844hr4398t',2,NULL,-129542204,'cmVmcmVzaF9lbnNpMTkwMjI0MDAxMDMxMDc=','Bearer','16843022','UNKNOWN',NULL,'UNKNOWN','127.0.0.1','2019-02-24 10:31:07','2019-02-24 10:31:08',1),
	('dG9rZW5fZW5zaTE5MDIyNDAwMTAzMTA4','ID_CORPORATIVO_knjwer7834hrf3897fh94f93844hr4398t',2,NULL,-129542204,'cmVmcmVzaF9lbnNpMTkwMjI0MDAxMDMxMDg=','Bearer','16843022','UNKNOWN',NULL,'UNKNOWN','127.0.0.1','2019-02-24 10:31:08','2019-02-24 10:31:09',1),
	('dG9rZW5fZW5zaTE5MDIyNDAwMTAzNjEx','ID_CORPORATIVO_knjwer7834hrf3897fh94f93844hr4398t',2,NULL,-129542204,'cmVmcmVzaF9lbnNpMTkwMjI0MDAxMDM2MTE=','Bearer','16843022','UNKNOWN',NULL,'UNKNOWN','127.0.0.1','2019-02-24 10:36:11','2019-02-24 10:36:11',1),
	('dG9rZW5fZW5zaTE5MDIyNDAwMTAzNjEy','ID_CORPORATIVO_knjwer7834hrf3897fh94f93844hr4398t',2,NULL,-129542204,'cmVmcmVzaF9lbnNpMTkwMjI0MDAxMDM2MTI=','Bearer','16843022','UNKNOWN',NULL,'UNKNOWN','127.0.0.1','2019-02-24 10:36:12','2019-02-24 10:36:13',1),
	('dG9rZW5fZW5zaTE5MDIyNDAwMTExNzA0','ID_CORPORATIVO_knjwer7834hrf3897fh94f93844hr4398t',2,NULL,-129542204,'cmVmcmVzaF9lbnNpMTkwMjI0MDAxMTE3MDQ=','Bearer','16843022','UNKNOWN',NULL,'UNKNOWN','127.0.0.1','2019-02-24 11:17:04','2019-02-24 11:17:05',1),
	('dG9rZW5fZW5zaTE5MDIyNDAwMTExNzA1','ID_CORPORATIVO_knjwer7834hrf3897fh94f93844hr4398t',2,NULL,-129542204,'cmVmcmVzaF9lbnNpMTkwMjI0MDAxMTE3MDU=','Bearer','16843022','UNKNOWN',NULL,'UNKNOWN','127.0.0.1','2019-02-24 11:17:05','2019-02-24 11:17:05',1),
	('dG9rZW5fZW5zaTE5MDIyNDAwMTExNzAz','ID_CORPORATIVO_knjwer7834hrf3897fh94f93844hr4398t',2,NULL,-129542204,'cmVmcmVzaF9lbnNpMTkwMjI0MDAxMTE3MDM=','Bearer','16843022','UNKNOWN',NULL,'UNKNOWN','127.0.0.1','2019-02-24 11:17:03','2019-02-24 11:17:04',1),
	('dG9rZW5fZW5zaTE5MDIyNDAwMTIxMDA0','ID_CORPORATIVO_knjwer7834hrf3897fh94f93844hr4398t',2,NULL,-129542204,'cmVmcmVzaF9lbnNpMTkwMjI0MDAxMjEwMDQ=','Bearer','16843022','UNKNOWN',NULL,'UNKNOWN','127.0.0.1','2019-02-24 12:10:04','2019-02-24 12:10:05',1),
	('dG9rZW5fZW5zaTE5MDIyNDAwMTIxMDA1','ID_CORPORATIVO_knjwer7834hrf3897fh94f93844hr4398t',2,NULL,-129542204,'cmVmcmVzaF9lbnNpMTkwMjI0MDAxMjEwMDU=','Bearer','16843022','UNKNOWN',NULL,'UNKNOWN','127.0.0.1','2019-02-24 12:10:05','2019-02-24 12:10:06',1),
	('dG9rZW5fZW5zaTE5MDMwMjAwMDk0MjU4','ID_CORPORATIVO_knjwer7834hrf3897fh94f93844hr4398t',2,NULL,-129542204,'cmVmcmVzaF9lbnNpMTkwMzAyMDAwOTQyNTg=','Bearer','16843022','UNKNOWN',NULL,'UNKNOWN','127.0.0.1','2019-03-02 09:42:58','2019-03-02 09:42:59',1),
	('dG9rZW5fZW5zaTE5MDMwMjAwMDk0MzAw','ID_CORPORATIVO_knjwer7834hrf3897fh94f93844hr4398t',2,NULL,-129542204,'cmVmcmVzaF9lbnNpMTkwMzAyMDAwOTQzMDA=','Bearer','16843022','UNKNOWN',NULL,'UNKNOWN','127.0.0.1','2019-03-02 09:43:00','2019-03-02 09:43:01',1),
	('dG9rZW5fZW5zaTE5MDMwMjAwMDkxMDQ5','ID_CORPORATIVO_knjwer7834hrf3897fh94f93844hr4398t',2,NULL,-129542204,'cmVmcmVzaF9lbnNpMTkwMzAyMDAwOTEwNDk=','Bearer','16843022','UNKNOWN',NULL,'UNKNOWN','127.0.0.1','2019-03-02 09:10:49','2019-03-02 09:10:50',1),
	('dG9rZW5fZW5zaTE5MDMwMjAwMDkxMDUw','ID_CORPORATIVO_knjwer7834hrf3897fh94f93844hr4398t',2,NULL,-129542204,'cmVmcmVzaF9lbnNpMTkwMzAyMDAwOTEwNTA=','Bearer','16843022','UNKNOWN',NULL,'UNKNOWN','127.0.0.1','2019-03-02 09:10:50','2019-03-02 09:10:51',1),
	('dG9rZW5fZW5zaTE5MDMwMjAwMDkxMDUx','ID_CORPORATIVO_knjwer7834hrf3897fh94f93844hr4398t',2,NULL,-129542204,'cmVmcmVzaF9lbnNpMTkwMzAyMDAwOTEwNTE=','Bearer','16843022','UNKNOWN',NULL,'UNKNOWN','127.0.0.1','2019-03-02 09:10:51','2019-03-02 09:10:51',1),
	('dG9rZW5fZW5zaTE5MDMwMjAwMDkxMzMx','ID_CORPORATIVO_knjwer7834hrf3897fh94f93844hr4398t',2,NULL,-129542204,'cmVmcmVzaF9lbnNpMTkwMzAyMDAwOTEzMzE=','Bearer','16843022','UNKNOWN',NULL,'UNKNOWN','127.0.0.1','2019-03-02 09:13:31','2019-03-02 09:13:32',1),
	('dG9rZW5fZW5zaTE5MDMwMjAwMDkxMzMy','ID_CORPORATIVO_knjwer7834hrf3897fh94f93844hr4398t',2,NULL,-129542204,'cmVmcmVzaF9lbnNpMTkwMzAyMDAwOTEzMzI=','Bearer','16843022','UNKNOWN',NULL,'UNKNOWN','127.0.0.1','2019-03-02 09:13:32','2019-03-02 09:13:33',1),
	('dG9rZW5fZW5zaTE5MDMwMjAwMDkxMzMz','ID_CORPORATIVO_knjwer7834hrf3897fh94f93844hr4398t',2,NULL,-129542204,'cmVmcmVzaF9lbnNpMTkwMzAyMDAwOTEzMzM=','Bearer','16843022','UNKNOWN',NULL,'UNKNOWN','127.0.0.1','2019-03-02 09:13:33','2019-03-02 09:13:33',1),
	('dG9rZW5fZW5zaTE5MDMwMjAwMDkxNjA2','ID_CORPORATIVO_knjwer7834hrf3897fh94f93844hr4398t',2,NULL,-129542204,'cmVmcmVzaF9lbnNpMTkwMzAyMDAwOTE2MDY=','Bearer','16843022','UNKNOWN',NULL,'UNKNOWN','127.0.0.1','2019-03-02 09:16:06','2019-03-02 09:16:07',1),
	('dG9rZW5fZW5zaTE5MDMwMjAwMDkxNjA3','ID_CORPORATIVO_knjwer7834hrf3897fh94f93844hr4398t',2,NULL,-129542204,'cmVmcmVzaF9lbnNpMTkwMzAyMDAwOTE2MDc=','Bearer','16843022','UNKNOWN',NULL,'UNKNOWN','127.0.0.1','2019-03-02 09:16:07','2019-03-02 09:16:07',1),
	('dG9rZW5fZW5zaTE5MDMwMjAwMDkxNjA4','ID_CORPORATIVO_knjwer7834hrf3897fh94f93844hr4398t',2,NULL,-129542204,'cmVmcmVzaF9lbnNpMTkwMzAyMDAwOTE2MDg=','Bearer','16843022','UNKNOWN',NULL,'UNKNOWN','127.0.0.1','2019-03-02 09:16:08','2019-03-02 09:16:09',1),
	('dG9rZW5fZW5zaTE5MDMwMjAwMDkzMDU5','ID_CORPORATIVO_knjwer7834hrf3897fh94f93844hr4398t',2,NULL,-129542204,'cmVmcmVzaF9lbnNpMTkwMzAyMDAwOTMwNTk=','Bearer','16843022','UNKNOWN',NULL,'UNKNOWN','127.0.0.1','2019-03-02 09:30:59','2019-03-02 09:31:00',1),
	('dG9rZW5fZW5zaTE5MDMwMjAwMDkzMTAw','ID_CORPORATIVO_knjwer7834hrf3897fh94f93844hr4398t',2,NULL,-129542204,'cmVmcmVzaF9lbnNpMTkwMzAyMDAwOTMxMDA=','Bearer','16843022','UNKNOWN',NULL,'UNKNOWN','127.0.0.1','2019-03-02 09:31:00','2019-03-02 09:31:00',1),
	('dG9rZW5fZW5zaTE5MDMwMjAwMDkzMTAx','ID_CORPORATIVO_knjwer7834hrf3897fh94f93844hr4398t',2,NULL,-129542204,'cmVmcmVzaF9lbnNpMTkwMzAyMDAwOTMxMDE=','Bearer','16843022','UNKNOWN',NULL,'UNKNOWN','127.0.0.1','2019-03-02 09:31:01','2019-03-02 09:31:02',1),
	('dG9rZW5fZW5zaTE5MDMwMjAwMDkzMTAy','ID_CORPORATIVO_knjwer7834hrf3897fh94f93844hr4398t',2,NULL,-129542204,'cmVmcmVzaF9lbnNpMTkwMzAyMDAwOTMxMDI=','Bearer','16843022','UNKNOWN',NULL,'UNKNOWN','127.0.0.1','2019-03-02 09:31:02','2019-03-02 09:31:02',1),
	('dG9rZW5fZW5zaTE5MDMwMjAwMDkzNzA1','ID_CORPORATIVO_knjwer7834hrf3897fh94f93844hr4398t',2,NULL,-129542204,'cmVmcmVzaF9lbnNpMTkwMzAyMDAwOTM3MDU=','Bearer','16843022','UNKNOWN',NULL,'UNKNOWN','127.0.0.1','2019-03-02 09:37:05','2019-03-02 09:37:05',1),
	('dG9rZW5fZW5zaTE5MDMwMjAwMDkzNzA2','ID_CORPORATIVO_knjwer7834hrf3897fh94f93844hr4398t',2,NULL,-129542204,'cmVmcmVzaF9lbnNpMTkwMzAyMDAwOTM3MDY=','Bearer','16843022','UNKNOWN',NULL,'UNKNOWN','127.0.0.1','2019-03-02 09:37:06','2019-03-02 09:37:07',1),
	('dG9rZW5fZW5zaTE5MDMwMjAwMDkzNzA3','ID_CORPORATIVO_knjwer7834hrf3897fh94f93844hr4398t',2,NULL,-129542204,'cmVmcmVzaF9lbnNpMTkwMzAyMDAwOTM3MDc=','Bearer','16843022','UNKNOWN',NULL,'UNKNOWN','127.0.0.1','2019-03-02 09:37:07','2019-03-02 09:37:07',1),
	('dG9rZW5fZW5zaTE5MDMwMjAwMDkzNzA4','ID_CORPORATIVO_knjwer7834hrf3897fh94f93844hr4398t',2,NULL,-129542204,'cmVmcmVzaF9lbnNpMTkwMzAyMDAwOTM3MDg=','Bearer','16843022','UNKNOWN',NULL,'UNKNOWN','127.0.0.1','2019-03-02 09:37:08','2019-03-02 09:37:09',1),
	('dG9rZW5fZW5zaTE5MDMwMjAwMTAwNDA0','ID_CORPORATIVO_knjwer7834hrf3897fh94f93844hr4398t',2,NULL,-129542204,'cmVmcmVzaF9lbnNpMTkwMzAyMDAxMDA0MDQ=','Bearer','16843022','UNKNOWN',NULL,'UNKNOWN','127.0.0.1','2019-03-02 10:04:04','2019-03-02 10:04:05',1),
	('dG9rZW5fZW5zaTE5MDMwMjAwMTAwNDAy','ID_CORPORATIVO_knjwer7834hrf3897fh94f93844hr4398t',2,NULL,-129542204,'cmVmcmVzaF9lbnNpMTkwMzAyMDAxMDA0MDI=','Bearer','16843022','UNKNOWN',NULL,'UNKNOWN','127.0.0.1','2019-03-02 10:04:02','2019-03-02 10:04:03',1),
	('dG9rZW5fZW5zaTE5MDMwMjAwMTAxODI0','ID_CORPORATIVO_knjwer7834hrf3897fh94f93844hr4398t',2,NULL,-129542204,'cmVmcmVzaF9lbnNpMTkwMzAyMDAxMDE4MjQ=','Bearer','16843022','UNKNOWN',NULL,'UNKNOWN','127.0.0.1','2019-03-02 10:18:24','2019-03-02 10:18:25',1),
	('dG9rZW5fZW5zaTE5MDMwMjAwMTAxODI3','ID_CORPORATIVO_knjwer7834hrf3897fh94f93844hr4398t',2,NULL,-129542204,'cmVmcmVzaF9lbnNpMTkwMzAyMDAxMDE4Mjc=','Bearer','16843022','UNKNOWN',NULL,'UNKNOWN','127.0.0.1','2019-03-02 10:18:27','2019-03-02 10:18:29',1),
	('dG9rZW5fZW5zaTE5MDMwMjAwMTAxODI5','ID_CORPORATIVO_knjwer7834hrf3897fh94f93844hr4398t',2,NULL,-129542204,'cmVmcmVzaF9lbnNpMTkwMzAyMDAxMDE4Mjk=','Bearer','16843022','UNKNOWN',NULL,'UNKNOWN','127.0.0.1','2019-03-02 10:18:29','2019-03-02 10:18:30',1),
	('dG9rZW5fZW5zaTE5MDMwMjAwMTAzMDQ2','ID_CORPORATIVO_knjwer7834hrf3897fh94f93844hr4398t',2,NULL,-129542204,'cmVmcmVzaF9lbnNpMTkwMzAyMDAxMDMwNDY=','Bearer','16843022','UNKNOWN',NULL,'UNKNOWN','127.0.0.1','2019-03-02 10:30:46','2019-03-02 10:30:47',1),
	('dG9rZW5fZW5zaTE5MDMwMjAwMTAzMDQ5','ID_CORPORATIVO_knjwer7834hrf3897fh94f93844hr4398t',2,NULL,-129542204,'cmVmcmVzaF9lbnNpMTkwMzAyMDAxMDMwNDk=','Bearer','16843022','UNKNOWN',NULL,'UNKNOWN','127.0.0.1','2019-03-02 10:30:49','2019-03-02 10:30:50',1),
	('dG9rZW5fZW5zaTE5MDMwMjAwMTAzMDUx','ID_CORPORATIVO_knjwer7834hrf3897fh94f93844hr4398t',2,NULL,-129542204,'cmVmcmVzaF9lbnNpMTkwMzAyMDAxMDMwNTE=','Bearer','16843022','UNKNOWN',NULL,'UNKNOWN','127.0.0.1','2019-03-02 10:30:51','2019-03-02 10:30:51',1),
	('dG9rZW5fZW5zaTE5MDMwMjAwMTExMjI1','ID_CORPORATIVO_knjwer7834hrf3897fh94f93844hr4398t',2,NULL,-129542204,'cmVmcmVzaF9lbnNpMTkwMzAyMDAxMTEyMjU=','Bearer','16843022','UNKNOWN',NULL,'UNKNOWN','127.0.0.1','2019-03-02 11:12:25','2019-03-02 11:12:26',1),
	('dG9rZW5fZW5zaTE5MDMwMjAwMTExMjI2','ID_CORPORATIVO_knjwer7834hrf3897fh94f93844hr4398t',2,NULL,-129542204,'cmVmcmVzaF9lbnNpMTkwMzAyMDAxMTEyMjY=','Bearer','16843022','UNKNOWN',NULL,'UNKNOWN','127.0.0.1','2019-03-02 11:12:26','2019-03-02 11:12:27',1),
	('dG9rZW5fZW5zaTE5MDMwMjAwMTExMjIz','ID_CORPORATIVO_knjwer7834hrf3897fh94f93844hr4398t',2,NULL,-129542204,'cmVmcmVzaF9lbnNpMTkwMzAyMDAxMTEyMjM=','Bearer','16843022','UNKNOWN',NULL,'UNKNOWN','127.0.0.1','2019-03-02 11:12:23','2019-03-02 11:12:23',1),
	('dG9rZW5fZW5zaTE5MDMwMTAwMDcxMTIw','ID_CORPORATIVO_knjwer7834hrf3897fh94f93844hr4398t',2,NULL,-129542204,'cmVmcmVzaF9lbnNpMTkwMzAxMDAwNzExMjA=','Bearer','16843022','UNKNOWN',NULL,'UNKNOWN','127.0.0.1','2019-03-01 19:11:20','2019-03-01 19:11:21',1),
	('dG9rZW5fZW5zaTE5MDMwMTAwMDcxMTIx','ID_CORPORATIVO_knjwer7834hrf3897fh94f93844hr4398t',2,NULL,-129542204,'cmVmcmVzaF9lbnNpMTkwMzAxMDAwNzExMjE=','Bearer','16843022','UNKNOWN',NULL,'UNKNOWN','127.0.0.1','2019-03-01 19:11:21','2019-03-01 19:11:22',1),
	('dG9rZW5fZW5zaTE5MDMwMTAwMDcxMTIy','ID_CORPORATIVO_knjwer7834hrf3897fh94f93844hr4398t',2,NULL,-129542204,'cmVmcmVzaF9lbnNpMTkwMzAxMDAwNzExMjI=','Bearer','16843022','UNKNOWN',NULL,'UNKNOWN','127.0.0.1','2019-03-01 19:11:22','2019-03-01 19:11:22',1),
	('dG9rZW5fZW5zaTE5MDMwMTAwMDczNzIw','ID_CORPORATIVO_knjwer7834hrf3897fh94f93844hr4398t',2,NULL,-129542204,'cmVmcmVzaF9lbnNpMTkwMzAxMDAwNzM3MjA=','Bearer','16843022','UNKNOWN',NULL,'UNKNOWN','127.0.0.1','2019-03-01 19:37:20','2019-03-01 19:37:20',1),
	('dG9rZW5fZW5zaTE5MDMwMTAwMDczNzIx','ID_CORPORATIVO_knjwer7834hrf3897fh94f93844hr4398t',2,NULL,-129542204,'cmVmcmVzaF9lbnNpMTkwMzAxMDAwNzM3MjE=','Bearer','16843022','UNKNOWN',NULL,'UNKNOWN','127.0.0.1','2019-03-01 19:37:21','2019-03-01 19:37:21',1),
	('dG9rZW5fZW5zaTE5MDMwMTAwMDczNzIy','ID_CORPORATIVO_knjwer7834hrf3897fh94f93844hr4398t',2,NULL,-129542204,'cmVmcmVzaF9lbnNpMTkwMzAxMDAwNzM3MjI=','Bearer','16843022','UNKNOWN',NULL,'UNKNOWN','127.0.0.1','2019-03-01 19:37:22','2019-03-01 19:37:22',1),
	('dG9rZW5fZW5zaTE5MDMwMTAwMDczOTI5','ID_CORPORATIVO_knjwer7834hrf3897fh94f93844hr4398t',2,NULL,-129542204,'cmVmcmVzaF9lbnNpMTkwMzAxMDAwNzM5Mjk=','Bearer','16843022','UNKNOWN',NULL,'UNKNOWN','127.0.0.1','2019-03-01 19:39:29','2019-03-01 19:39:30',1),
	('dG9rZW5fZW5zaTE5MDMwMTAwMDczOTMw','ID_CORPORATIVO_knjwer7834hrf3897fh94f93844hr4398t',2,NULL,-129542204,'cmVmcmVzaF9lbnNpMTkwMzAxMDAwNzM5MzA=','Bearer','16843022','UNKNOWN',NULL,'UNKNOWN','127.0.0.1','2019-03-01 19:39:30','2019-03-01 19:39:31',1),
	('dG9rZW5fZW5zaTE5MDMwMTAwMDgwMzQ0','ID_CORPORATIVO_knjwer7834hrf3897fh94f93844hr4398t',2,NULL,-129542204,'cmVmcmVzaF9lbnNpMTkwMzAxMDAwODAzNDQ=','Bearer','16843022','UNKNOWN',NULL,'UNKNOWN','127.0.0.1','2019-03-01 20:03:44','2019-03-01 20:03:45',1),
	('dG9rZW5fZW5zaTE5MDMwMTAwMDgwMzQ2','ID_CORPORATIVO_knjwer7834hrf3897fh94f93844hr4398t',2,NULL,-129542204,'cmVmcmVzaF9lbnNpMTkwMzAxMDAwODAzNDY=','Bearer','16843022','UNKNOWN',NULL,'UNKNOWN','127.0.0.1','2019-03-01 20:03:46','2019-03-01 20:03:47',1),
	('dG9rZW5fZW5zaTE5MDMwMTAwMDgwNTM1','ID_CORPORATIVO_knjwer7834hrf3897fh94f93844hr4398t',2,NULL,-129542204,'cmVmcmVzaF9lbnNpMTkwMzAxMDAwODA1MzU=','Bearer','16843022','UNKNOWN',NULL,'UNKNOWN','127.0.0.1','2019-03-01 20:05:35','2019-03-01 20:05:36',1),
	('dG9rZW5fZW5zaTE5MDMwMTAwMDgwNTM2','ID_CORPORATIVO_knjwer7834hrf3897fh94f93844hr4398t',2,NULL,-129542204,'cmVmcmVzaF9lbnNpMTkwMzAxMDAwODA1MzY=','Bearer','16843022','UNKNOWN',NULL,'UNKNOWN','127.0.0.1','2019-03-01 20:05:36','2019-03-01 20:05:37',1),
	('dG9rZW5fZW5zaTE5MDMwMTAwMDgwNTM3','ID_CORPORATIVO_knjwer7834hrf3897fh94f93844hr4398t',2,NULL,-129542204,'cmVmcmVzaF9lbnNpMTkwMzAxMDAwODA1Mzc=','Bearer','16843022','UNKNOWN',NULL,'UNKNOWN','127.0.0.1','2019-03-01 20:05:37','2019-03-01 20:05:38',1),
	('dG9rZW5fZW5zaTE5MDMwNDAwMTE1NDAw','ID_CORPORATIVO_knjwer7834hrf3897fh94f93844hr4398t',2,NULL,-129542204,'cmVmcmVzaF9lbnNpMTkwMzA0MDAxMTU0MDA=','Bearer','16843022','UNKNOWN',NULL,'UNKNOWN','127.0.0.1','2019-03-04 11:54:00','2019-03-04 11:54:01',1),
	('dG9rZW5fZW5zaTE5MDMwNDAwMTE1NDAx','ID_CORPORATIVO_knjwer7834hrf3897fh94f93844hr4398t',2,NULL,-129542204,'cmVmcmVzaF9lbnNpMTkwMzA0MDAxMTU0MDE=','Bearer','16843022','UNKNOWN',NULL,'UNKNOWN','127.0.0.1','2019-03-04 11:54:01','2019-03-04 11:54:02',1),
	('dG9rZW5fZW5zaTE5MDMwNDAwMTE1NDAz','ID_CORPORATIVO_knjwer7834hrf3897fh94f93844hr4398t',2,NULL,-129542204,'cmVmcmVzaF9lbnNpMTkwMzA0MDAxMTU0MDM=','Bearer','16843022','UNKNOWN',NULL,'UNKNOWN','127.0.0.1','2019-03-04 11:54:03','2019-03-04 11:54:04',1),
	('dG9rZW5fZW5zaTE5MDMwNDAwMTE1ODA3','ID_CORPORATIVO_knjwer7834hrf3897fh94f93844hr4398t',2,NULL,-129542204,'cmVmcmVzaF9lbnNpMTkwMzA0MDAxMTU4MDc=','Bearer','16843022','UNKNOWN',NULL,'UNKNOWN','127.0.0.1','2019-03-04 11:58:07','2019-03-04 11:58:08',1),
	('dG9rZW5fZW5zaTE5MDMwNDAwMTE1ODEw','ID_CORPORATIVO_knjwer7834hrf3897fh94f93844hr4398t',2,NULL,-129542204,'cmVmcmVzaF9lbnNpMTkwMzA0MDAxMTU4MTA=','Bearer','16843022','UNKNOWN',NULL,'UNKNOWN','127.0.0.1','2019-03-04 11:58:10','2019-03-04 11:58:11',1),
	('dG9rZW5fZW5zaTE5MDMwNDAwMTIwNzQ5','ID_CORPORATIVO_knjwer7834hrf3897fh94f93844hr4398t',2,NULL,-129542204,'cmVmcmVzaF9lbnNpMTkwMzA0MDAxMjA3NDk=','Bearer','16843022','UNKNOWN',NULL,'UNKNOWN','127.0.0.1','2019-03-04 12:07:49','2019-03-04 12:07:49',1),
	('dG9rZW5fZW5zaTE5MDMwNDAwMTIwNzU1','ID_CORPORATIVO_knjwer7834hrf3897fh94f93844hr4398t',2,NULL,-129542204,'cmVmcmVzaF9lbnNpMTkwMzA0MDAxMjA3NTU=','Bearer','16843022','UNKNOWN',NULL,'UNKNOWN','127.0.0.1','2019-03-04 12:07:55','2019-03-04 12:07:56',1),
	('dG9rZW5fZW5zaTE5MDMwNDAwMTIwNzUy','ID_CORPORATIVO_knjwer7834hrf3897fh94f93844hr4398t',2,NULL,-129542204,'cmVmcmVzaF9lbnNpMTkwMzA0MDAxMjA3NTI=','Bearer','16843022','UNKNOWN',NULL,'UNKNOWN','127.0.0.1','2019-03-04 12:07:52','2019-03-04 12:07:53',1),
	('dG9rZW5fZW5zaTE5MDMwNjAwMDk0NjE0','ID_CORPORATIVO_knjwer7834hrf3897fh94f93844hr4398t',2,NULL,-129542204,'cmVmcmVzaF9lbnNpMTkwMzA2MDAwOTQ2MTQ=','Bearer','16843022','UNKNOWN',NULL,'UNKNOWN','127.0.0.1','2019-03-06 21:46:14','2019-03-06 21:46:15',1),
	('dG9rZW5fZW5zaTE5MDMwNjAwMDk0NjE4','ID_CORPORATIVO_knjwer7834hrf3897fh94f93844hr4398t',2,NULL,-129542204,'cmVmcmVzaF9lbnNpMTkwMzA2MDAwOTQ2MTg=','Bearer','16843022','UNKNOWN',NULL,'UNKNOWN','127.0.0.1','2019-03-06 21:46:18','2019-03-06 21:46:19',1),
	('dG9rZW5fZW5zaTE5MDMwNjAwMDk0NjE5','ID_CORPORATIVO_knjwer7834hrf3897fh94f93844hr4398t',2,NULL,-129542204,'cmVmcmVzaF9lbnNpMTkwMzA2MDAwOTQ2MTk=','Bearer','16843022','UNKNOWN',NULL,'UNKNOWN','127.0.0.1','2019-03-06 21:46:19','2019-03-06 21:46:19',1),
	('dG9rZW5fZW5zaTE5MDMwNTAwMDQzMDM0','ID_CORPORATIVO_knjwer7834hrf3897fh94f93844hr4398t',2,NULL,-129542204,'cmVmcmVzaF9lbnNpMTkwMzA1MDAwNDMwMzQ=','Bearer','16843022','UNKNOWN',NULL,'UNKNOWN','127.0.0.1','2019-03-05 16:30:34','2019-03-05 16:30:35',1),
	('dG9rZW5fZW5zaTE5MDMwNTAwMDQzMDM3','ID_CORPORATIVO_knjwer7834hrf3897fh94f93844hr4398t',2,NULL,-129542204,'cmVmcmVzaF9lbnNpMTkwMzA1MDAwNDMwMzc=','Bearer','16843022','UNKNOWN',NULL,'UNKNOWN','127.0.0.1','2019-03-05 16:30:37','2019-03-05 16:30:38',1),
	('dG9rZW5fZW5zaTE5MDMwNTAwMDUwMzU2','ID_CORPORATIVO_knjwer7834hrf3897fh94f93844hr4398t',2,NULL,-129542204,'cmVmcmVzaF9lbnNpMTkwMzA1MDAwNTAzNTY=','Bearer','16843022','UNKNOWN',NULL,'UNKNOWN','127.0.0.1','2019-03-05 17:03:56','2019-03-05 17:03:57',1),
	('dG9rZW5fZW5zaTE5MDMwNTAwMDUwMzU5','ID_CORPORATIVO_knjwer7834hrf3897fh94f93844hr4398t',2,NULL,-129542204,'cmVmcmVzaF9lbnNpMTkwMzA1MDAwNTAzNTk=','Bearer','16843022','UNKNOWN',NULL,'UNKNOWN','127.0.0.1','2019-03-05 17:03:59','2019-03-05 17:04:00',1),
	('dG9rZW5fZW5zaTE5MDMwNTAwMDUwNDAw','ID_CORPORATIVO_knjwer7834hrf3897fh94f93844hr4398t',2,NULL,-129542204,'cmVmcmVzaF9lbnNpMTkwMzA1MDAwNTA0MDA=','Bearer','16843022','UNKNOWN',NULL,'UNKNOWN','127.0.0.1','2019-03-05 17:04:00','2019-03-05 17:04:00',1),
	('dG9rZW5fZW5zaTE5MDMwNTAwMDUwNDAz','ID_CORPORATIVO_knjwer7834hrf3897fh94f93844hr4398t',2,NULL,-129542204,'cmVmcmVzaF9lbnNpMTkwMzA1MDAwNTA0MDM=','Bearer','16843022','UNKNOWN',NULL,'UNKNOWN','127.0.0.1','2019-03-05 17:04:03','2019-03-05 17:04:03',1),
	('dG9rZW5fZW5zaTE5MDMwNTAwMTAxNTM1','ID_CORPORATIVO_knjwer7834hrf3897fh94f93844hr4398t',2,NULL,-129542204,'cmVmcmVzaF9lbnNpMTkwMzA1MDAxMDE1MzU=','Bearer','16843022','UNKNOWN',NULL,'UNKNOWN','127.0.0.1','2019-03-05 22:15:35','2019-03-05 22:15:35',1),
	('dG9rZW5fZW5zaTE5MDMwNTAwMTAxNTM5','ID_CORPORATIVO_knjwer7834hrf3897fh94f93844hr4398t',2,NULL,-129542204,'cmVmcmVzaF9lbnNpMTkwMzA1MDAxMDE1Mzk=','Bearer','16843022','UNKNOWN',NULL,'UNKNOWN','127.0.0.1','2019-03-05 22:15:39','2019-03-05 22:15:40',1);

/*!40000 ALTER TABLE `TB_ACCES_TOKEN` ENABLE KEYS */;
UNLOCK TABLES;


# Dump da tabela TB_APLICACAO_CLIENTE
# ------------------------------------------------------------

DROP TABLE IF EXISTS `TB_APLICACAO_CLIENTE`;

CREATE TABLE `TB_APLICACAO_CLIENTE` (
  `COD_APLICACAO_CLIENTE` varchar(256) NOT NULL,
  `COD_SISTEMA` int(11) DEFAULT NULL,
  `DES_CLIENT_SECRET` varchar(256) DEFAULT NULL,
  `DES_GRANT_TYPE` varchar(50) DEFAULT NULL,
  `DAT_CADASTRO` timestamp NOT NULL DEFAULT CURRENT_TIMESTAMP,
  `NUM_REFRESH_TOKEN` int(11) NOT NULL DEFAULT '15',
  `IND_VALIDA_ORIGEM_TOKEN` int(6) NOT NULL DEFAULT '1',
  `IND_ATIVO` int(6) NOT NULL DEFAULT '1',
  `IND_EXCLUIDO` int(6) NOT NULL DEFAULT '0',
  PRIMARY KEY (`COD_APLICACAO_CLIENTE`),
  KEY `COD_SISTEMA` (`COD_SISTEMA`),
  CONSTRAINT `FK_APLICACAO_CLIENTE_SISTEMA` FOREIGN KEY (`COD_SISTEMA`) REFERENCES `TB_SISTEMA` (`COD_SISTEMA`)
) ENGINE=InnoDB DEFAULT CHARSET=latin1;

LOCK TABLES `TB_APLICACAO_CLIENTE` WRITE;
/*!40000 ALTER TABLE `TB_APLICACAO_CLIENTE` DISABLE KEYS */;

INSERT INTO `TB_APLICACAO_CLIENTE` (`COD_APLICACAO_CLIENTE`, `COD_SISTEMA`, `DES_CLIENT_SECRET`, `DES_GRANT_TYPE`, `DAT_CADASTRO`, `NUM_REFRESH_TOKEN`, `IND_VALIDA_ORIGEM_TOKEN`, `IND_ATIVO`, `IND_EXCLUIDO`)
VALUES
	('ID_cj4XjHXNSRmL3TcgoOW0BonJsEO7RAmCIc',NULL,'SECRET_H4At4cj4XjHXNSRmLOTcgyKooOW0Bo','client_credentials','2018-08-22 19:20:18',999999999,0,1,0),
	('ID_CORPORATIVO_knjwer7834hrf3897fh94f93844hr4398t',2,'SECRET_CORPORATIVO_fejrh43438934fn3j903i23jri4h84','client_credentials','2018-08-22 19:27:31',999999999,0,1,0),
	('ID_PONTO_dlksjfjlkERdshfkjhWdskjfhkdjshTfSkjDdshf',3,'SECRET_PONTO_dfSonwenDfckjbnwDeijbfcHkjFSsdnckjdf','password','2018-08-27 14:24:17',999999999,0,1,0),
	('ID_SCAF_cj4XjHXNSRmL3TWQcgoEOW3220BFonJsEO7RAmCIc',4,'SECRET_SCAF_H4At4cj4XjHXEEWNSRFDSQRLOTcgyKooOW0Bo','password','2018-08-27 19:18:14',999999999,0,1,0);

/*!40000 ALTER TABLE `TB_APLICACAO_CLIENTE` ENABLE KEYS */;
UNLOCK TABLES;


# Dump da tabela TB_CONFIGURACAO
# ------------------------------------------------------------

DROP TABLE IF EXISTS `TB_CONFIGURACAO`;

CREATE TABLE `TB_CONFIGURACAO` (
  `COD_CONFIGURACAO` int(11) NOT NULL AUTO_INCREMENT,
  `COD_SISTEMA` int(11) DEFAULT NULL,
  `NOM_CONFIGURACAO` varchar(100) NOT NULL,
  `DES_CONFIGURACAO` varchar(400) DEFAULT NULL,
  `IND_TIPO_CONFIGURACAO` varchar(10) NOT NULL DEFAULT '',
  `IND_EXCLUIDO` int(6) NOT NULL DEFAULT '0',
  PRIMARY KEY (`COD_CONFIGURACAO`),
  KEY `COD_SISTEMA` (`COD_SISTEMA`),
  CONSTRAINT `FK_CONFIGURACAO_SISTEMA` FOREIGN KEY (`COD_SISTEMA`) REFERENCES `TB_SISTEMA` (`COD_SISTEMA`)
) ENGINE=InnoDB DEFAULT CHARSET=latin1;

LOCK TABLES `TB_CONFIGURACAO` WRITE;
/*!40000 ALTER TABLE `TB_CONFIGURACAO` DISABLE KEYS */;

INSERT INTO `TB_CONFIGURACAO` (`COD_CONFIGURACAO`, `COD_SISTEMA`, `NOM_CONFIGURACAO`, `DES_CONFIGURACAO`, `IND_TIPO_CONFIGURACAO`, `IND_EXCLUIDO`)
VALUES
	(1,2,'url.sistema.perfil','http://localhost:8080/quaemo-corporativo/api/corporativo/sistemas/{codSistema}/perfis','API',0),
	(2,2,'url.sistema.usuario','http://localhost:8080/quaemo-corporativo/api/corporativo/sistemas/{codSistema}/usuarios','API',0),
	(4,2,'url.sistema.usuario.menu','http://localhost:8080/quaemo-corporativo/api/corporativo/sistemas/{codSistema}/usuarios/menus','API',0),
	(5,2,'url.usuario','http://localhost:8080/quaemo-corporativo/api/corporativo/usuarios/','API',0),
	(6,2,'url.sistema.usuario.status','http://localhost:8080/quaemo-corporativo/api/corporativo/sistemas/{codSistema}/usuarios/{codUsuario}/status','API',0),
	(7,2,'pah.arquivos','C:\\mnt\\quaemo','SIS',0),
	(8,2,'url.localidades','http://correios.com.br/api/localidades','WS',0),
	(9,2,'url.sistema.recurso','http://localhost:8080/quaemo-corporativo/api/corporativo/sistemas/{codSistema}/recursos','API',0),
	(10,2,'url.sistema','http://localhost:8080/quaemo-corporativo/api/corporativo/sistemas','API',0),
	(11,2,'url.usuario.login','http://localhost:8080/quaemo-corporativo/api/corporativo/usuarios/{login}','API',0),
	(12,2,'url.usuario.foto','http://localhost:8080/quaemo-corporativo/api/corporativo/usuarios/{codUsuario}/fotos','API',0),
	(16,3,'pah.arquivos','C:\\mnt\\quaemo\\ponto','SIS',1),
	(17,2,'url.usuario.senha','http://localhost:8080/quaemo-corporativo/api/corporativo/usuarios/{login}/senha','API',0),
	(18,2,'url.autenticacao','http://localhost:8080/quaemo-autenticacao/api','API',0),
	(19,2,'url.sistema.aplicacao.cliente','http://localhost:8080/quaemo-corporativo/api/corporativo/sistemas/{codSistema}/aplicacao-cliente','API',0),
	(20,4,'pah.arquivos','C:\\mnt\\quaemo\\scaf','SIS',0);

/*!40000 ALTER TABLE `TB_CONFIGURACAO` ENABLE KEYS */;
UNLOCK TABLES;


# Dump da tabela TB_MENU
# ------------------------------------------------------------

DROP TABLE IF EXISTS `TB_MENU`;

CREATE TABLE `TB_MENU` (
  `COD_MENU` int(11) NOT NULL AUTO_INCREMENT,
  `COD_MENU_PAI` int(11) DEFAULT NULL,
  `COD_SISTEMA` int(11) NOT NULL,
  `DES_CHAVE_MENU` varchar(200) DEFAULT NULL,
  `NOM_MENU` varchar(50) NOT NULL,
  `URL_PAGINA` varchar(1000) DEFAULT NULL,
  `DES_ICONE` varchar(1000) DEFAULT NULL,
  `NUM_ORDEM_MENU` int(6) NOT NULL DEFAULT '1',
  `IND_VISIVEL` int(6) NOT NULL DEFAULT '1',
  `IND_EXCLUIDO` int(6) NOT NULL DEFAULT '0',
  PRIMARY KEY (`COD_MENU`),
  KEY `COD_MENU_PAI` (`COD_MENU_PAI`),
  KEY `COD_SISTEMA` (`COD_SISTEMA`),
  CONSTRAINT `FK_MENU_PAI` FOREIGN KEY (`COD_MENU_PAI`) REFERENCES `TB_MENU` (`COD_MENU`),
  CONSTRAINT `FK_MENU_SISTEMA` FOREIGN KEY (`COD_SISTEMA`) REFERENCES `TB_SISTEMA` (`COD_SISTEMA`)
) ENGINE=InnoDB DEFAULT CHARSET=latin1;

LOCK TABLES `TB_MENU` WRITE;
/*!40000 ALTER TABLE `TB_MENU` DISABLE KEYS */;

INSERT INTO `TB_MENU` (`COD_MENU`, `COD_MENU_PAI`, `COD_SISTEMA`, `DES_CHAVE_MENU`, `NOM_MENU`, `URL_PAGINA`, `DES_ICONE`, `NUM_ORDEM_MENU`, `IND_VISIVEL`, `IND_EXCLUIDO`)
VALUES
	(3,NULL,2,'M_CORPORATIVO.1','Home','a','desempenho',1,1,0),
	(4,NULL,3,'M_PONTO.1','Pontos','a','desempenho',1,1,0),
	(5,NULL,4,'M_SCAF.01','Painel Gerencial','painel-gerencial','dashboard',1,1,0),
	(6,NULL,4,'M_SCAF.02','Pagamentos Agendados','agendamentos','av_timer',1,1,0),
	(7,NULL,4,'M_SCAF.03','Cartões de Crédito','cartoes','credit_card',1,1,0),
	(8,NULL,4,'M_SCAF.04','Lançamentos','lancamentos','border_color',1,1,0),
	(9,NULL,4,'M_SCAF.05','Marcadores/Tags','tags','local_offer',1,1,0),
	(10,NULL,4,'M_SCAF.06','Usuários','usuarios','people',1,1,0),
	(11,NULL,4,'M_SCAF.07','Contatos','contatos','mail',1,1,0),
	(12,NULL,4,'M_SCAF.08','Relatório','relatorios','line_style',1,1,0),
	(13,NULL,4,'M_SCAF.09','Relatório Dinâmico','relatorio-dinamico','insert_chart',1,1,0);

/*!40000 ALTER TABLE `TB_MENU` ENABLE KEYS */;
UNLOCK TABLES;


# Dump da tabela TB_PERFIL
# ------------------------------------------------------------

DROP TABLE IF EXISTS `TB_PERFIL`;

CREATE TABLE `TB_PERFIL` (
  `COD_PERFIL` int(11) NOT NULL AUTO_INCREMENT,
  `COD_SISTEMA` int(11) NOT NULL,
  `NOM_PERFIL` varchar(100) NOT NULL,
  `DES_CHAVE_PERFIL` varchar(200) DEFAULT NULL,
  `IND_ATIVO` int(6) NOT NULL DEFAULT '1',
  `IND_EXCLUIDO` int(6) NOT NULL DEFAULT '0',
  PRIMARY KEY (`COD_PERFIL`),
  KEY `COD_SISTEMA` (`COD_SISTEMA`),
  CONSTRAINT `FK_PERFIL_SISTEMA` FOREIGN KEY (`COD_SISTEMA`) REFERENCES `TB_SISTEMA` (`COD_SISTEMA`)
) ENGINE=InnoDB DEFAULT CHARSET=latin1;

LOCK TABLES `TB_PERFIL` WRITE;
/*!40000 ALTER TABLE `TB_PERFIL` DISABLE KEYS */;

INSERT INTO `TB_PERFIL` (`COD_PERFIL`, `COD_SISTEMA`, `NOM_PERFIL`, `DES_CHAVE_PERFIL`, `IND_ATIVO`, `IND_EXCLUIDO`)
VALUES
	(1,2,'Master','P_CORPORATIVO.1',1,0),
	(4,3,'Administrador','P_PONTO.1',1,0),
	(5,3,'Usuário','P_PONTO.2',1,0),
	(6,4,'Administrador','P_SCAF.01',1,0),
	(7,4,'Usuário','P_SCAF.02',1,0);

/*!40000 ALTER TABLE `TB_PERFIL` ENABLE KEYS */;
UNLOCK TABLES;


# Dump da tabela TB_RECURSO
# ------------------------------------------------------------

DROP TABLE IF EXISTS `TB_RECURSO`;

CREATE TABLE `TB_RECURSO` (
  `COD_RECURSO` int(11) NOT NULL AUTO_INCREMENT,
  `COD_SISTEMA` int(11) NOT NULL,
  `NOM_RECURSO` varchar(250) DEFAULT NULL,
  `URL_RECURSO` varchar(500) DEFAULT NULL,
  `DES_CHAVE_RECURSO` varchar(200) DEFAULT NULL,
  `DAT_CADASTRO` timestamp NOT NULL DEFAULT CURRENT_TIMESTAMP,
  `IND_ATIVO` int(6) NOT NULL DEFAULT '1',
  `IND_EXCLUIDO` int(6) NOT NULL DEFAULT '0',
  PRIMARY KEY (`COD_RECURSO`),
  KEY `COD_SISTEMA` (`COD_SISTEMA`),
  CONSTRAINT `TB_RECURSO_SISTEMA` FOREIGN KEY (`COD_SISTEMA`) REFERENCES `TB_SISTEMA` (`COD_SISTEMA`)
) ENGINE=InnoDB DEFAULT CHARSET=latin1;

LOCK TABLES `TB_RECURSO` WRITE;
/*!40000 ALTER TABLE `TB_RECURSO` DISABLE KEYS */;

INSERT INTO `TB_RECURSO` (`COD_RECURSO`, `COD_SISTEMA`, `NOM_RECURSO`, `URL_RECURSO`, `DES_CHAVE_RECURSO`, `DAT_CADASTRO`, `IND_ATIVO`, `IND_EXCLUIDO`)
VALUES
	(1,2,'Sistemas','/corporativo/sistemas','R_CORPORATIVO.1','2018-08-22 20:56:37',1,0),
	(2,2,'Usuários','/corporativo/usuarios','R_CORPORATIVO.2','2018-08-22 21:12:20',1,0),
	(4,3,'Pontos','/api/pontos','R_PONTO.1','2018-08-26 21:36:35',1,0),
	(5,4,'Grupos','/api/grupos','R_SCAF.01','2018-09-12 20:46:13',1,0),
	(6,4,'Categorias','/api/categorias','R_SCAF.02','2018-09-12 20:46:13',1,0),
	(7,4,'Períodos','/api/periodos','R_SCAF.03','2018-09-12 20:46:13',1,0),
	(8,4,'Usuários','/api/usuarios','R_SCAF.04','2018-09-12 20:46:13',1,0),
	(9,4,'Agendamentos','/api/agendamentos','R_SCAF.05','2018-09-12 20:46:13',1,0),
	(10,4,'Cartões','/api/cartoes','R_SCAF.06','2018-09-12 20:46:13',1,0),
	(11,4,'Lançamentos','/api/lancamentos','R_SCAF.07','2018-09-12 20:46:13',1,0),
	(12,4,'Tags','/api/tags','R_SCAF.08','2018-09-12 20:46:13',1,0),
	(13,4,'Contatos','/api/contatos','R_SCAF.09','2018-09-12 20:46:13',1,0);

/*!40000 ALTER TABLE `TB_RECURSO` ENABLE KEYS */;
UNLOCK TABLES;


# Dump da tabela TB_SISTEMA
# ------------------------------------------------------------

DROP TABLE IF EXISTS `TB_SISTEMA`;

CREATE TABLE `TB_SISTEMA` (
  `COD_SISTEMA` int(11) NOT NULL,
  `NOM_SISTEMA` varchar(100) NOT NULL,
  `DES_SISTEMA` text,
  `IND_ATIVO` int(6) NOT NULL DEFAULT '1',
  PRIMARY KEY (`COD_SISTEMA`)
) ENGINE=InnoDB DEFAULT CHARSET=latin1;

LOCK TABLES `TB_SISTEMA` WRITE;
/*!40000 ALTER TABLE `TB_SISTEMA` DISABLE KEYS */;

INSERT INTO `TB_SISTEMA` (`COD_SISTEMA`, `NOM_SISTEMA`, `DES_SISTEMA`, `IND_ATIVO`)
VALUES
	(1,'Autenticacao',NULL,1),
	(2,'Corporativo','',1),
	(3,'Ponto','',1),
	(4,'Scaf','sistema de controle financeiro',1);

/*!40000 ALTER TABLE `TB_SISTEMA` ENABLE KEYS */;
UNLOCK TABLES;


# Dump da tabela TB_USUARIO
# ------------------------------------------------------------

DROP TABLE IF EXISTS `TB_USUARIO`;

CREATE TABLE `TB_USUARIO` (
  `COD_USUARIO` int(11) NOT NULL AUTO_INCREMENT,
  `NOM_USUARIO` varchar(50) NOT NULL,
  `NOM_LOGIN` varchar(250) NOT NULL,
  `DES_SENHA` varchar(100) DEFAULT NULL,
  `NUM_CPF` varchar(11) DEFAULT '',
  `NUM_TELEFONE` varchar(20) DEFAULT NULL,
  `NUM_CELULAR` varchar(20) DEFAULT NULL,
  `DES_EMAIL` varchar(150) NOT NULL,
  `DES_FOTO` blob,
  `DAT_CADASTRO` timestamp NOT NULL DEFAULT CURRENT_TIMESTAMP,
  `COD_RESPONSAVEL_CADASTRO` int(11) DEFAULT NULL,
  `DAT_ATUALIZACAO` timestamp NULL DEFAULT NULL,
  `COD_RESPONSAVEL_ATUALIZACAO` int(11) DEFAULT NULL,
  `IND_ATIVO` int(6) NOT NULL DEFAULT '1',
  `IND_EXCLUIDO` int(6) NOT NULL DEFAULT '0',
  PRIMARY KEY (`COD_USUARIO`),
  KEY `COD_RESPONSAVEL_CADASTRO` (`COD_RESPONSAVEL_CADASTRO`),
  KEY `COD_RESPONSAVEL_ATUALIZACAO` (`COD_RESPONSAVEL_ATUALIZACAO`),
  CONSTRAINT `FK_USUARIO_ATUALIZACAO` FOREIGN KEY (`COD_RESPONSAVEL_ATUALIZACAO`) REFERENCES `TB_USUARIO` (`COD_USUARIO`),
  CONSTRAINT `FK_USUARIO_CADASTRO` FOREIGN KEY (`COD_RESPONSAVEL_CADASTRO`) REFERENCES `TB_USUARIO` (`COD_USUARIO`)
) ENGINE=InnoDB DEFAULT CHARSET=latin1;

LOCK TABLES `TB_USUARIO` WRITE;
/*!40000 ALTER TABLE `TB_USUARIO` DISABLE KEYS */;

INSERT INTO `TB_USUARIO` (`COD_USUARIO`, `NOM_USUARIO`, `NOM_LOGIN`, `DES_SENHA`, `NUM_CPF`, `NUM_TELEFONE`, `NUM_CELULAR`, `DES_EMAIL`, `DES_FOTO`, `DAT_CADASTRO`, `COD_RESPONSAVEL_CADASTRO`, `DAT_ATUALIZACAO`, `COD_RESPONSAVEL_ATUALIZACAO`, `IND_ATIVO`, `IND_EXCLUIDO`)
VALUES
	(1,'Willian Ferreira Maruno','maruno','H4At4cj4XjHXNSRmLOTcgyKooOW0BonJsEO7RAQmCIc=','82748063104','6133911617','(61) 9 8573-4449','jackmaruno@gmail.com',X'646174613A696D6167652F6A7065673B6261736536342C2F396A2F34414151536B5A4A5267414241674141415141424141442F3277424441414D4341674D4341674D4441774D4541774D45425167464251514542516F484277594944416F4D4441734B4377734E44684951445134524467734C4542595145524D55465255564441385847425955474249554652542F3277424441514D454241554542516B4642516B554451734E464251554642515546425155464251554642515546425155464251554642515546425155464251554642515546425155464251554642515546425155464251554642542F7741415243414459414C51444153494141684542417845422F38514148774141415155424151454241514541414141414141414141414543417751464267634943516F4C2F3851417452414141674544417749454177554642415141414146394151494441415152425249684D5545474531466842794A7846444B426B61454949304B78775256533066416B4D324A7967676B4B4668635947526F6C4A69636F4B536F304E5459334F446B3651305246526B644953557054564656575631685A576D4E6B5A575A6E61476C7163335231646E643465587144684957476834694A69704B546C4A57576C35695A6D714B6A704B576D7036697071724B7A744C57327437693575734C44784D584778386A4A79744C54314E585731396A5A32754869342B546C3575666F3665727838765030396662332B506E362F38514148774541417745424151454241514542415141414141414141414543417751464267634943516F4C2F385141745245414167454342415144424163464241514141514A3341414543417845454253457842684A425551646863524D694D6F454946454B526F62484243534D7A55764156596E4C524368596B4E4F456C3852635947526F6D4A7967704B6A55324E7A67354F6B4E4552555A4853456C4B55315256566C64595756706A5A47566D5A326870616E4E3064585A3365486C36676F4F456859614869496D4B6B704F556C5A61586D4A6D616F714F6B7061616E714B6D7173724F3074626133754C6D367773504578636248794D6E4B3074505531646258324E6E613475506B3565626E364F6E7138765030396662332B506E362F396F4144414D4241414952417845415077443955364B4B4B414369696967416F6F6F6F414B4B4B4B414369696967416F706A4F716457433075396337633830414F6F6F6F6F414B4B4B4B414369696967416F6F6F6F414B4B4B4B414369696967416F6F6F6F414B4B4B4B414369696967424B42696B366975472B493378487466426C6D3055545279366B334B785A2B372F744E55536C474D65615134786C4F584C457A2F6A583861644C2B4458686958554C6F4C6333386E7932746D702B615A2F53767A3938642F745A2F4862346B5354526159332F434B324C4C745A624A664C6B582F67583371396F3857367150456D707A5874372F414B5864763936535435762B2B617759394C6865542F557176385033613857726A5A6333756E3057477936504C2B38506D33587258347561334373313134713150633175735038417838534E2F77437A5665384F2F4548343265457279336B693851616C504E622F414C7550644D7A66752F6C2B5835712B6C726653493358356F312F37357177326A577633764C57755436395550546C6C6C4539422B434837586C78346B5750542F47576E66325A644C48742B316F7637746D72366373622B333153306A7562575A4A345A426C585274774E66465672424461376C5747506133336C322F6572306234642B4F5A764374784446444933396E73333779326476752F3776393276516F59336D39325A34754A7936565033715A394E30566B36483467744E6474493572655254755863792F774232746176595044324369696967416F6F6F6F414B4B4B4B414369696967416F70716E636F4E4F6F414B4B4B4B41436D534E73576E31357A38552F6933705077317437534B355A627256622B5479374F78566C3879527637325037712B74524B584C715647504E734F2B4B66784D683843365474685A5A4E5375462F63722F64582B3831664B6D72654A626A5637796161655A705A7047334D7A4E39366A78353479765046757558463964534B306A664C74583771722F73316A324B2B6131664F346A455371792F756E315744776B61636561587846364657622B4774537A74643762667655367A695656334E387461316E6278376C2B37586E6E75524959624E74744E617A5A363250732B796E4B71377634614F55314D4672566C2B5A6164472B32756761434E316235666D72487649466962377452384A4D76654F7138422B4E37727735654C746264437A664E47333856665158686E786259654A374C7A6253627A4758355A49322B2F473339316C72354E6A625A2F7656792F784738562B4950683874763430384E79534C65574F33375A614B7A626271482B36332F7741565871345046536A37736A35374834486D2F655233507678656C4C586E3377522B4C4F6C2F476634666166346C3076384164527A4C356330444E38304D692F65577651612B6A506C516F6F6F6F414B4B4B4B414369696967416F6F6F6F414B4B4B4B4149705A42456A4D654657767A31316678613378532B4D336A4C786B37623950735A6D306653562F68574F502F57534C2F764E2F7743685639752F467A586C384C2F4450784E71724D5546727038306D35667662747679312B6633776E672B7A2F44765431387661306A53534D7A4E755A6D5A71382F475374486C5052774D4F61707A48514D76326953746A53394F6B64766C57755631727852707668654E5A4C3234574C2F5A2F696171756D2F74416547346D686A613632737A625662623876384133312F4458687870536B66542B316A5450574C48534A4E75357132724F31326666567479313576702F774162744C6C38746C5A664C334C383237377973323161395730572F74646374566B675A572B56572F33615059534E3456347949356B2B622B4B6F5937647057726562534E306A534D337937613558784234793076772F7556706F764D6A2B39756171396849763273596D7439676262386D316D716A4E5A2F76506E5671346C7632677446742F767962647A62566C5A6C56577072664850513771614F4E62694E743339316C61706C516C45694F4A6A4B52314635612B5576792F77316E36685A52366C707431627972756A6D6A5A5771315936765A367A43747861334563367376336C70336C62316264752B36793771343478355A476B76656963722B777834766B38422F45765876414E354E737339515A72697856762B65692F774432502F6F4E6666436E63445835593666644E34512B4C566E346757526F4730752B6A754E7A4C2F797A33625A502F4857723952624B645A59315A57334B7937712B75773075616D6645596D484C556B584B4B4B4B366A6A4369696967416F6F6F6F414B4B4B4B41436969696744783739724F3661443444654A6F30387A64637878322F377637337A534C587866344675473037774C48476937704C575062742F32712B7650327968644E38454E51573162613332714573362F77727572354638416F7A2B43376665337A544D337A6638416A7465566A4431634438523558612F44625550694471317865616A655472356A626C5A5A4E7256326D6E2F73683648714D63636C7871463231782F453236746A784A3476306E34616548323144557050757379787866336D72796678522B3156343030473330323874644A747250536451566D686C5A576D6B2B582B466C566C32742F774B75576C4B725033594872536A536837307A3261312F5A32732F44384F324F5A726D4E575674724E2F46586F33674F3458527639445674767A666462377A56346E34502B4C58694C564E4468313639574F65316B756D7431696738785A6D6A2F414F65333265543574763841774C2B477652704E576B2F7471466C2B387172755A617A712B306A385231306F78356561423759313030734F35766C33563533346F2B48326D2B4B3769627A56336559337A4E58555765714E4C5A727656572F69716A7257714C5A57636B3235566A6A56704A472F7572584E47704B556A72396C377035447258374B586876576272392F715635417533623556737972567A542F414E6C58776E70473253312B324C35612F4D7A5844664E58442F455434342B4A76442B6879613970317642396A6A75504A386957526D6D566476384172476A583574762F414D56576634442F4147773965756F35726A564E4857353065336A6A6B6D76725A57566F32622B4879322B5A7476384173377137375665586D4F422B796A55354F58336A314B48775264654264516A6D303254645A733337794B5835562F336139416B667A62566D2B377557732F7772343330503470614C3971306D36536550377A4B767A626132504B332F41437171717532764C71766D6B6473593870382B2B504E472F744A74635A4A4E736B63666D62743339376258364A2F4344566A34692B474868625535472F6558476E57386A6637336C72583538616F7A61583852727978756D2F3065614E766C62377533613231612B382F326559346F2F67743452534269305357617172742F456F5A712B67776E776E79654F2F6948705646464665696559464646464142525252514155555555414646464641486A503757756C4E716E7747385342436F6533456477647A62666C575264332F6A75612B564E4A735073756A324E72387536474656622B37752F697236442F62532B4959384E6644473830474F4F475736315746732B624A7478477033664C2F65623561384D74302B31573863692F646B5657727863624C6D6C796E755A66543566656C314F4E765041316E346A31614F54557266375A354C626F566C583556622B39586461583441306D4A593545306D7A57526634764C7257302B796A5256334B7537645735396C5A6C565657764E6A4B5554364F4D65593575387349644C6A38376173544C2F64726B593474393876393652747A6271374C7845304F6E57736C78644E3871317976682B796138766C754C33644573306E79722F6457716C7A5344345A486F46692F6C57612F657178396C5A6F2F4F2B3943792F4D763932745A6644396D746E4E2F70483356334C74724A5A3772524A504D566650732F77434A6637745A7A6A796E647A526D5556384A577338336E6554464C2F764C56372F68434E4A6C682F6561505A2B5A2F655746566174613353337631576131623731574934706B75492F6C334C3931766D2B37576E744443564D347578384657766837565074576D57636474356E2B75574E64766D56315563432F65583772666472656B676A6146647633717937704674322B56643163306F6B536B66502F414D65744E6133385461587145482B73386C6D32722F4635662F37582F6A7466637677426761312B445067754A79766D4C706B4C762F764D75372F3261766B627870707136333853764474692F774471595935726954642F643231374E2B7A62346E6E7550477575364D4C6637485A32774372487533655A2F45736D332B477656776D49396E793035666150467865426C57707A72782B7966544E4646466538664C425252525141555555554146464646414253476C7044306F412B525032395043386669534C7776766A7A354B33444D332B7A74727A6A5259764B30505434326B2B5A5959397A4C2F7572587638412B3242595348775459583055666D4E424E496A6637724C752F77445A612B65504439313973384E36624D762F4143307434322F386472776354486C71535071634E50326D4870782F6C7638416D6452707430333858336136617A64576A2F3274767931782B6D737A522F374E616C39724D4F6A61584E4E63534C46484775356D6175474A376350684F542B4B33326936565A49463352772F764769582B4C2F5A72352F2B4B3378486D54784E6F56354434747650446C726173766D6162484438307A663758792F64726F7669462B306670656B2B6373454D39797A4D79376C72356C2B792B4A76697234752F7443577A6E613333664C387679783776753133557166327048445872782B436E37306A3743314C3476777865483261363852527866624638754E744E3365637A66374F3737744A3845504630326957743970647834703144786E5A336B6D36786B76312F306D4E572B39477A667862572F69723475585350463131346974394C2F732B3861366A5A70472F637474322F33713943306E785834672B484F76574D6C375A7A7758587979544D32356C58642F732F377131705570523565574D696157496B766571557A37323046376A524A49664E2F314D6E3376396D75345A343769483547322F3774664E666758343857506950535959622B5A47626435636A4B337A52742F433165376546395A6A315454315A4733667737713871555A52393252366B616B616E76524F696A6C56592F34616F33544C752B5671642F7656527570575276396D73376B7A69655936702B392B4D6C6E3546784A464E4459744D79786637337A563768384C6B745A7669645A6170617274613474327435747638414674566D577642626664716E786931434F4B54794E316A3562537239355672364B2B413368614B79385354756A537A78326B582B736B2F764E38762F414D56585A51584E55696A6B717A6A4843316D665141365574464666546E7767555555554146464646414252525251415555555541656266483751344E622B4757714C5044353474396C7771663753742F774458723472384733557A2B4859317550384158573830304D692F33575752766C72394572327968314B316C7472694E5A594A564B504733526C7235432B4A33776E682B4848696E554939505352744D314C2F41453648634E336C7439325264332F4156622F6756655A6936622B4E4873594774475075534F613031666D2B62377465522F7452654B376A525044384E6A62794D72586B6262565674746575574C4C46497173792F4E393364586D5037546E6769627844345658564C646C2B3157713756675A74766D4C2F4142563545503468394A552F682B366649667733303354372F5650746D7433306353787475327A2F41504C543576757258306C346638613654613238634E6E6173736633643046757A4C2F343758472B482F685A702B6C2B4839506D764C574F566C5864634E4F7531764D2F3266377464706F506A4C776A6F30336B7A336A574C4C2F444C4858584F5850496541396A5131724858616634795731565A486A6B5676346D6146766D582F766D6E61687233686E7852484E6233396D6A65597533644A4874622F674C4E566A522F48336733566F393048695330387637767A664C57742F5A656836394776324F2B745A3933797235587A566E5539302B686C577774534A38762B5050423976384F2F46316A7146684A35756E794C38724B332F6F56665558374F766A4A7645656C7A5274433044523764792F77377138312B4B4877577455384E366C64576363397A64512F7647566D6261712F7743797464702B79373461764C445166745631497965597A4C35582B37755863315A546C477054356A35376B396E573933345436435A2F6D622F304B732B2B5835576172327A37767A566A2B4B722B50533942764C783256566A6A5A747A5678524E7053393038742B464D546135385750476C78356A4E396E565959325A7675742F7331397066427A532F73486867534E756557567A756B66377A62666C2F70586C5037493377313071663457472B314B30697662793876704C695361564D74752B373936766F2B317459724F424959454555534C7456563756394668734E374E2B305A3872693859716B5059784C46464646656D654D46464646414252525251415555555541464646464144636356357438643941625676426A33634D4A6D754E50627A7471727562792F77446C702F343738332F4161394C7147653369756F58686C565A4933586179743346524B504E486C4B6A4C6C6C7A48775A71462F446277744D753174712B5972563437386450694464526166446F38556A744A4E4A4449717175372B4C37746448386672755034552F474B37384C517035476C6B72396833626D32782B577262573356345A385350467476463467743953575A6C5A56574F52572F68617643564C6C7148314378504E54506F4477374C61366A6F4D636C37497531747535726E62383165632F453734515765725133317861334354336B69744A477638566348612F464437566232734D55336C5739764A746A58642F727050346D622F5A57756D2F345754484663574E72652F36564D712B5A4A755837323671396C4B4D7559714F4A707939303833384B2F4254567272566F312B574B474F5A566B587A503464337A4E2F337A583131384B2F684644345873345A504F38337A49313362572F6933666572786D783865572B673670486349305546724A4A74614A663457322F4D332B315866512F465734307637504E4249333265615A6471742F43337A662B4F3146654E535230554B6C4B6E384A3664342B31367A3069336A745A5A46565A6C614E6D2B392F445762384232622F4149512B46575A585A7047622F6558647433662B4F313462385376695444346C313631743375476757345A5A466237766C2F7773712F352F6961765176422F78423033534C653157426B73592F4A5746572F32747174574470796A544B397647556A3647743256312F687278763434654B4A745876745038483658356A5856314D736C783553376D575038417974632F342B2F6146742F4339724D30446272694E663841562F336D5A666C7162396D667770716D716177336A4478442F77416631394975324364667572752B392F73314E4F6E79766D6B5255712B30584C452F517277526F6B66687A776E70656D78527245747662716D332F6178572F54496639574B6658314B32506A5875464646464D515555555541464646464142525252514155555555414656727539743747506663545277722F656B6262584C2B4A76474457636251324F3079667853663841784E664D50786F3862336C717330317863504B332B3031544B584B61553465306C796E4766746E6548394D3864654C7459387370636C6F595768754C64747A4B7978723932767A772B4A476C2B49744476504C31754F54356D2F647A2F65566C2F7742372B3958334E7075705361396F6476654F7A4D306A4E38332F41414B7566385565433950385457636C7265326363384C4E3931763733393676463976374F70493978304C3034785068505339636D746269336B6C6B5A647633666C2B577579746647386C2F477258456B6179655332366664387A4C75582F374B75322B4948374E4E3561336A5848683762396C3366366956766D577646377A776872326A54534C65616250457972745A70462B58622F733136564F725471486D756C55706E5853655046696D6A756F6D5862482B37614E76373233356131707669724A612B48624F4670765075506C61535657626176797474582F414944586D63326B4E45306476752F306952766D2F774342566E33466C6658563074722B3861525732717458614D683371524F737550476B6C3673506D7A4D336C737A4B762B39585A53654F62714C5164486A696B5A707479744E462F774445316D2F432F7743416E6944786C71554C5059794C593776336B37664B7466576E676E396C2F536449764962712F6B61356B6A6239332F7331773136744F50756E5851705650694F462B42507773757647757666384A42346A686B625334666D74594A315A57622F617237453846365844706478597732362B56444779717137763971732B7830614777565930575038413443762F414D545735617639676A6A6B582F575274356A563555716E4E4C336A3261644C512B7430365536764A4C66343677674C35316B422F7579567661443858394631755A59666E686475352B5A612B707566497970536964375255554D38647847736B544230622B4A616C706D5155555555414646464641425252525141567976696A582F4B44573044663964472F77445A61302F4575706E53644C6B6D516676472B526138316156727154647533564144626A644F7A5638702F7467587261447039764E3832325A764A574A667653534E2F43746658554D57794E7138462F61323848727158672F526455387663326E366C4849332B367973762F6F544C5764583361664D656A67343831534D547976774C6F7A526544394E686466336B634B376C622B3831616C785A655575356C2B5A663774614867316F356256562B5A56582B3958525847694C356D35593979742F6472352F346A366D644C6C4F426254566E627935562F666274712F4C554D6E67574F386A61466F3161503841757375367530764E476B696A5A6C5835663457582B476A53347269316B6A566D566F312F765670474A777969634733375058682B39567070644A67615354377A4C48577834642B415868505162716136673057322B31534E356A537972753274587257697972716C72752F31537333335758617931636B737676625658622F6470324B6A45354F7A384D32396775324B4E596F2F34596C5661317257796A5362634633664C2F337A576C35556A743931766C2B387457724F796B64764D3874647A663376757257504B6445596C574F335A354B7136702F715756663774627A4C732F6832725748726A37493262625763346E6F556F6370356A34713854536143724E4C7557483775372B3758576673397663654C6451767451334E3968686B3874572F764E58452B494E477676476D7251364C70612B6263544E755A763459342F77434A6D7236612B4866684B7838456547375053374E6473634B2F656237306A66784D31653168616B716B655758325435374D59303648772F6150536644633751547248752F6476386F57757248537548735A66496B6A6B58377974757274595A566E6A56304F35545870487A6B6953696B706143516F6F6F6F41536F5A72694F326A615356316A6A58377A4D32414B2B64506950384174642B48343950754538422B4C50426D6F5864724A74754C6A564E542F64522F337471782F4D31655457487849386666484456704C4F4730764C5851345A466162784A71554C573845692F784C5A3272664D7A66335A4A506C2F69323172374A38764E496D2F766370394A617A38542F414135343031472F30585139526A314B383065526674336B664D734C4D767972752F765635333851506A6434582B467478445A36704E506561704E745A6450735638795256622B4B542B46562F774236726A586C7234503850336C3961326353335678497977717137664F6B2F764E2F65322F337138502F414F46564E71326F58476F58753635764C69547A70703566764D7A56684C3476644E34512B31492B6776684C38526F6669786F7439665161586436524861335457724C6473724E4A74565733664C2F765670664572776576692F775871576C704A746B6D6A2F63742F4435697475582F414D655775483843366976773573354A48685A74506B322F61466958637973762F4C54625871467266324F71574D643570313546655738692F4B304466657063764E486C6B585471657A6C7A52506D4851566B745661336D68387136682F647952742F433164645A3345637531666D322F774331587058697234616166346A2F414E4B58645A3670742B5735692F692F336C2F6972792B36737272534C78724F2F6A38693656766C2F75794C2F655776476E516C5350744D4E6961654A6A2F654E70624F47345835575835762B2B617A377A513549706F3545586176337476384C566530397437626C5A64332B37577775356C2F686F6A4564536D592B6E32456966642B58625774436B6D367072644E692F4D7131652B586238712F4E56386B5444336976486172393536637A2F4B797175332F414771637A663374315274386E2B37555369625579724932336475622F675663623434316D4F77735A4A4E33384E626D74616B7353737537357675717639367350542F4264357265725233577232375157647579794C624E393652763464792F33616D4E4C6D4C713134305938306A71506737345158773934666D3153396A2F414F4A74714837795A6D2F355A722F44485870476C713072626D2B37574774312F5A656779584478744F736262764C5674753764586B2F693734312B4D744E6B6B2F7362526450746F566235577556615A763841304A56723134387447504B6648565A5478457054507069474A664C2B39556D6E3338326E544D794E756A2F696A7235682B487637574F7052617862366634313075326773356D38762B307246575879572F76534B3338502B37583052723272726F336833554E5553475855467437575334574330587A4A4C6A617535566A582B4A6D2F687134796A4C593535526C48335A485765482F46756C2B49393657563272334558456C75337979522F37796E357133712B4B2F685438624A7463764C714639483854516135597235306D6B65494C654F48553459572F7743576B4C4C743836502B466C2B38767931376A344F2F614C3050576274645075343951676E3362664D6D302B614E662B42626C72716C536C396B354F6675657955564262547733734B7A517969574E756A52746B47697354552B55394E2F5A342B4776687A586C317A5476424F6A574F705274756A6E6A742F75742F6556667572586F466A5A4C6678737A37325837767974742B57704C357634562B3833793175576471746C5A717533357150694C4F6231445159372B613333717132397575324F4B7046306D48627456647131734D75397163712F4C5678464B527A386D6A4C387937647974393561347538384674346331447A725063747249336D5274482F797A617656764B2B582B395666374B767A5738762B72616A6C6A496E6D4F64306E7852716B7265546532617A7A4C3932654E764C3878663731536134756E2B494C4E6F622B4F65446239326662753874763935613274503031626538386C2F6D582F6C6D315774617376734732614A66395A38762B7A555649783566654E616453564F584E453866314C534C377776634C352F372B316B62393364782F4D7256657462396E5A57334C58575736534A4E4E444A4773384D6E7979514E3931713548785634666277354E4864577535744C6D6261753737304C6633577278466153353466436658554D5837522B7A712F45616933582B72322F647033327266397A3774594E76667138613761754C644B73663374314B4D6A756C544E4353662F767171636C3763583833324F777432756270767578782F7744733156644A7464513857337A57656D4C74566638415858626636754E662F6976396D76554E4A30537838466166354E75725333456E2B736E622F57534E585653705371486C597247526F653748346A6E66446667332B77354937712F3875353171543556566675772F352F765671616870336B58333731747973767A62663731644A6F756D2F4E4A63532F4E4D332F6A74523678612B626352794E74574E666D5A6D72306F786A47504C452B617156616C61584E4979577374756A7372722F724E713761356E5676435676645174746A5661374B53583761792F753973612F64576D33436231574E5034716F49766C69664F66696A346372645453527877376C2F325672325434597466572F6765313075395A6D6B7331565932622F6E6E5735636144436B503356335659306D77617A566D622B4A64745334687A48492F4654344E2B4866697870396A48724D64336258326E73306C6A716D6D334457393361742F77424D35462F3942727975382F5A752B4945557972707678363857515773613756697537654F5A762B424E387536766F365368625835647A56555A796A384A4A354A7058685834716152597832722B4E644C31686B342B325436636265522F3935556261543739364B395A3876464656375752484A457A644A7466746C39356A4C756A6A2F384151713272722B36713055566D4D722B562F73304C756F6F6F49486257656D7446357137572B39525256674566373335572F77425A4839317176534A62337476746E2F33667655555651466533734C6653376A6336376C623773724E554F7561525A76593369336E6C2F77426D795274357A4D323156582B39752F32614B4B4653684657534770793970632B633748784E6F39314E6566325872467071746E444D304B33647049736B636A4B333936757538482B45727A78354E75696B6B7474486A623939632F785366374B30555634304B63564F5350737354586E44432B305431646A31364E4C50776C7063656E36545A2F4B767971712F2B684D31454E6C3555797A5844656663666538746634614B4B395A6257506A2F4149336552616B61386235566D38706637736131582B784B37626E5A70572F326D6F6F706A7553624652666C70304D5337747A555555434779526561332B7A522F753055564145697862506D616D796650525251555237614B4B4B41502F2F5A','2018-08-22 20:17:46',1,'2019-03-02 21:35:27',1,1,0),
	(3,'Nelson','nrsjnet@gmail.com','JpltizVEETMU7UeGyHDNPt8JHust5cigvArW72yWWqs=','66622233344','','(44) 9 6666-5555','nrsjnet@gmail.com',NULL,'2018-08-27 21:40:46',1,'2018-08-27 22:04:08',1,1,0);

/*!40000 ALTER TABLE `TB_USUARIO` ENABLE KEYS */;
UNLOCK TABLES;


# Dump da tabela vw_acces_token_autenticado
# ------------------------------------------------------------

DROP VIEW IF EXISTS `vw_acces_token_autenticado`;

CREATE TABLE `vw_acces_token_autenticado` (
   `DES_ACCES_TOKEN` VARCHAR(256) NOT NULL DEFAULT '',
   `DES_TIPO_TOKEN` VARCHAR(10) NULL DEFAULT NULL,
   `COD_RECURSO` INT(11) NOT NULL DEFAULT '0',
   `URL_RECURSO` VARCHAR(500) NULL DEFAULT NULL,
   `NOM_METODO` VARCHAR(10) NOT NULL DEFAULT '',
   `DES_IP` VARCHAR(100) NULL DEFAULT NULL,
   `COD_USUARIO` INT(11) NULL DEFAULT NULL,
   `NOM_USUARIO` VARCHAR(50) NULL DEFAULT NULL,
   `NOM_LOGIN` VARCHAR(250) NULL DEFAULT NULL,
   `COD_PERFIL` INT(11) NULL DEFAULT NULL,
   `NOM_PERFIL` VARCHAR(100) NULL DEFAULT NULL,
   `COD_SISTEMA` INT(11) NULL DEFAULT NULL,
   `IND_VALIDA_ORIGEM_TOKEN` INT(11) NOT NULL DEFAULT '0',
   `IND_VALIDO` INT(11) NOT NULL DEFAULT '0'
) ENGINE=MyISAM;



# Dump da tabela vw_menu_usuario_sistema
# ------------------------------------------------------------

DROP VIEW IF EXISTS `vw_menu_usuario_sistema`;

CREATE TABLE `vw_menu_usuario_sistema` (
   `COD_MENU` INT(11) NOT NULL DEFAULT '0',
   `COD_MENU_PAI` INT(11) NULL DEFAULT NULL,
   `COD_SISTEMA` INT(11) NOT NULL,
   `IND_VISIVEL` INT(6) NOT NULL DEFAULT '1',
   `NOM_MENU` VARCHAR(50) NOT NULL,
   `NUM_ORDEM_MENU` INT(6) NOT NULL DEFAULT '1',
   `URL_PAGINA` VARCHAR(1000) NULL DEFAULT NULL,
   `DES_ICONE` VARCHAR(1000) NULL DEFAULT NULL,
   `COD_USUARIO` INT(11) NOT NULL
) ENGINE=MyISAM;



# Dump da tabela vw_permissao_recurso
# ------------------------------------------------------------

DROP VIEW IF EXISTS `vw_permissao_recurso`;

CREATE TABLE `vw_permissao_recurso` (
   `COD_PERMISSAO` VARCHAR(22) NULL DEFAULT NULL,
   `COD_RECURSO` INT(11) NOT NULL,
   `NOM_METODO` VARCHAR(10) NOT NULL
) ENGINE=MyISAM;



# Dump da tabela vw_permissao_recurso_perfil
# ------------------------------------------------------------

DROP VIEW IF EXISTS `vw_permissao_recurso_perfil`;

CREATE TABLE `vw_permissao_recurso_perfil` (
   `ID` VARCHAR(34) NULL DEFAULT NULL,
   `COD_PERMISSAO` VARCHAR(22) NULL DEFAULT NULL,
   `COD_PERFIL` INT(11) NOT NULL
) ENGINE=MyISAM;



# Dump da tabela vw_usuario_responsavel
# ------------------------------------------------------------

DROP VIEW IF EXISTS `vw_usuario_responsavel`;

CREATE TABLE `vw_usuario_responsavel` (
   `COD_USUARIO` INT(11) NOT NULL DEFAULT '0',
   `NOM_USUARIO` VARCHAR(50) NOT NULL,
   `NOM_LOGIN` VARCHAR(250) NOT NULL,
   `DES_EMAIL` VARCHAR(150) NOT NULL,
   `IND_ATIVO` INT(6) NOT NULL DEFAULT '1',
   `IND_EXCLUIDO` INT(6) NOT NULL DEFAULT '0'
) ENGINE=MyISAM;



# Dump da tabela vw_usuario_sistema
# ------------------------------------------------------------

DROP VIEW IF EXISTS `vw_usuario_sistema`;

CREATE TABLE `vw_usuario_sistema` (
   `COD_USUARIO` INT(11) NOT NULL DEFAULT '0',
   `NOM_USUARIO` VARCHAR(50) NOT NULL,
   `NOM_LOGIN` VARCHAR(250) NOT NULL,
   `DES_EMAIL` VARCHAR(150) NOT NULL,
   `NUM_CPF` VARCHAR(11) NULL DEFAULT '',
   `NUM_TELEFONE` VARCHAR(20) NULL DEFAULT NULL,
   `NUM_CELULAR` VARCHAR(20) NULL DEFAULT NULL,
   `IND_ATIVO` INT(6) NULL DEFAULT '1',
   `IND_EXCLUIDO` INT(6) NOT NULL DEFAULT '0',
   `DAT_CADASTRO` TIMESTAMP NOT NULL DEFAULT '0000-00-00 00:00:00',
   `COD_RESPONSAVEL_CADASTRO` INT(11) NULL DEFAULT NULL,
   `DAT_ATUALIZACAO` TIMESTAMP NULL DEFAULT NULL,
   `COD_RESPONSAVEL_ATUALIZACAO` INT(11) NULL DEFAULT NULL,
   `COD_PERFIL` INT(11) NULL DEFAULT '0',
   `NOM_PERFIL` VARCHAR(100) NULL DEFAULT NULL,
   `DES_CHAVE_PERFIL` VARCHAR(200) NULL DEFAULT NULL,
   `COD_SISTEMA` INT(11) NULL DEFAULT NULL,
   `NOM_SISTEMA` VARCHAR(100) NULL DEFAULT NULL
) ENGINE=MyISAM;





# Replace placeholder table for vw_permissao_recurso with correct view syntax
# ------------------------------------------------------------

DROP TABLE `vw_permissao_recurso`;

CREATE ALGORITHM=UNDEFINED DEFINER=`root`@`localhost` SQL SECURITY DEFINER VIEW `vw_permissao_recurso`
AS SELECT
   concat(`rl_perfil_recurso`.`COD_RECURSO`,concat('.',`rl_perfil_recurso`.`NOM_METODO`)) AS `COD_PERMISSAO`,
   `rl_perfil_recurso`.`COD_RECURSO` AS `COD_RECURSO`,
   `rl_perfil_recurso`.`NOM_METODO` AS `NOM_METODO`
FROM `rl_perfil_recurso`;


# Replace placeholder table for vw_usuario_sistema with correct view syntax
# ------------------------------------------------------------

DROP TABLE `vw_usuario_sistema`;

CREATE ALGORITHM=UNDEFINED DEFINER=`root`@`localhost` SQL SECURITY DEFINER VIEW `vw_usuario_sistema`
AS SELECT
   `USUARIO`.`COD_USUARIO` AS `COD_USUARIO`,
   `USUARIO`.`NOM_USUARIO` AS `NOM_USUARIO`,
   `USUARIO`.`NOM_LOGIN` AS `NOM_LOGIN`,
   `USUARIO`.`DES_EMAIL` AS `DES_EMAIL`,
   `USUARIO`.`NUM_CPF` AS `NUM_CPF`,
   `USUARIO`.`NUM_TELEFONE` AS `NUM_TELEFONE`,
   `USUARIO`.`NUM_CELULAR` AS `NUM_CELULAR`,
   `USUARIO_PERFIL`.`IND_ATIVO` AS `IND_ATIVO`,
   `USUARIO`.`IND_EXCLUIDO` AS `IND_EXCLUIDO`,
   `USUARIO`.`DAT_CADASTRO` AS `DAT_CADASTRO`,
   `USUARIO`.`COD_RESPONSAVEL_CADASTRO` AS `COD_RESPONSAVEL_CADASTRO`,
   `USUARIO`.`DAT_ATUALIZACAO` AS `DAT_ATUALIZACAO`,
   `USUARIO`.`COD_RESPONSAVEL_ATUALIZACAO` AS `COD_RESPONSAVEL_ATUALIZACAO`,
   `PERFIL`.`COD_PERFIL` AS `COD_PERFIL`,
   `PERFIL`.`NOM_PERFIL` AS `NOM_PERFIL`,
   `PERFIL`.`DES_CHAVE_PERFIL` AS `DES_CHAVE_PERFIL`,
   `SISTEMA`.`COD_SISTEMA` AS `COD_SISTEMA`,
   `SISTEMA`.`NOM_SISTEMA` AS `NOM_SISTEMA`
FROM (((`tb_usuario` `USUARIO` left join `rl_usuario_perfil` `USUARIO_PERFIL` on(((`USUARIO_PERFIL`.`COD_USUARIO` = `USUARIO`.`COD_USUARIO`) and (`USUARIO_PERFIL`.`IND_EXCLUIDO` = 0)))) left join `tb_perfil` `PERFIL` on((`PERFIL`.`COD_PERFIL` = `USUARIO_PERFIL`.`COD_PERFIL`))) left join `tb_sistema` `SISTEMA` on((`SISTEMA`.`COD_SISTEMA` = `PERFIL`.`COD_SISTEMA`))) where (`USUARIO`.`IND_EXCLUIDO` = 0);


# Replace placeholder table for vw_permissao_recurso_perfil with correct view syntax
# ------------------------------------------------------------

DROP TABLE `vw_permissao_recurso_perfil`;

CREATE ALGORITHM=UNDEFINED DEFINER=`root`@`localhost` SQL SECURITY DEFINER VIEW `vw_permissao_recurso_perfil`
AS SELECT
   distinct concat(`rl_perfil_recurso`.`COD_RECURSO`,concat('.',concat(`rl_perfil_recurso`.`NOM_METODO`,convert(concat('.',`rl_perfil_recurso`.`COD_PERFIL`) using latin1)))) AS `ID`,concat(`rl_perfil_recurso`.`COD_RECURSO`,concat('.',`rl_perfil_recurso`.`NOM_METODO`)) AS `COD_PERMISSAO`,
   `rl_perfil_recurso`.`COD_PERFIL` AS `COD_PERFIL`
FROM `rl_perfil_recurso`;


# Replace placeholder table for vw_acces_token_autenticado with correct view syntax
# ------------------------------------------------------------

DROP TABLE `vw_acces_token_autenticado`;

CREATE ALGORITHM=UNDEFINED DEFINER=`root`@`localhost` SQL SECURITY DEFINER VIEW `vw_acces_token_autenticado`
AS SELECT
   `TOKEN`.`DES_ACCES_TOKEN` AS `DES_ACCES_TOKEN`,
   `TOKEN`.`DES_TIPO_TOKEN` AS `DES_TIPO_TOKEN`,
   `RECURSO`.`COD_RECURSO` AS `COD_RECURSO`,
   `RECURSO`.`URL_RECURSO` AS `URL_RECURSO`,
   `RL_RECURSO`.`NOM_METODO` AS `NOM_METODO`,
   `TOKEN`.`DES_IP` AS `DES_IP`,
   `USUARIO`.`COD_USUARIO` AS `COD_USUARIO`,
   `USUARIO`.`NOM_USUARIO` AS `NOM_USUARIO`,
   `USUARIO`.`NOM_LOGIN` AS `NOM_LOGIN`,
   `PERFIL`.`COD_PERFIL` AS `COD_PERFIL`,
   `PERFIL`.`NOM_PERFIL` AS `NOM_PERFIL`,
   `TOKEN`.`COD_SISTEMA` AS `COD_SISTEMA`,
   `APLICACAO_CLIENTE`.`IND_VALIDA_ORIGEM_TOKEN` AS `IND_VALIDA_ORIGEM_TOKEN`,
   `TOKEN`.`IND_VALIDO` AS `IND_VALIDO`
FROM ((((((`tb_acces_token` `TOKEN` join `tb_aplicacao_cliente` `APLICACAO_CLIENTE` on((`APLICACAO_CLIENTE`.`COD_APLICACAO_CLIENTE` = `TOKEN`.`COD_APLICACAO_CLIENTE`))) join `tb_usuario` `USUARIO` on((`USUARIO`.`COD_USUARIO` = `TOKEN`.`COD_USUARIO`))) join `rl_usuario_perfil` `RL_PERFIL` on((`RL_PERFIL`.`COD_USUARIO` = `USUARIO`.`COD_USUARIO`))) join `tb_perfil` `PERFIL` on(((`PERFIL`.`COD_PERFIL` = `RL_PERFIL`.`COD_PERFIL`) and (`PERFIL`.`COD_SISTEMA` = `TOKEN`.`COD_SISTEMA`)))) join `rl_perfil_recurso` `RL_RECURSO` on((`RL_RECURSO`.`COD_PERFIL` = `PERFIL`.`COD_PERFIL`))) join `tb_recurso` `RECURSO` on((`RECURSO`.`COD_RECURSO` = `RL_RECURSO`.`COD_RECURSO`))) where (`RECURSO`.`IND_EXCLUIDO` = 0) union select `TOKEN`.`DES_ACCES_TOKEN` AS `DES_ACCES_TOKEN`,`TOKEN`.`DES_TIPO_TOKEN` AS `DES_TIPO_TOKEN`,`RECURSO`.`COD_RECURSO` AS `COD_RECURSO`,`RECURSO`.`URL_RECURSO` AS `URL_RECURSO`,`RL`.`NOM_METODO` AS `NOM_METODO`,`TOKEN`.`DES_IP` AS `DES_IP`,NULL AS `NULL`,NULL AS `NULL`,NULL AS `NULL`,NULL AS `NULL`,NULL AS `NULL`,`TOKEN`.`COD_SISTEMA` AS `COD_SISTEMA`,`APLICACAO_CLIENTE`.`IND_VALIDA_ORIGEM_TOKEN` AS `IND_VALIDA_ORIGEM_TOKEN`,`TOKEN`.`IND_VALIDO` AS `IND_VALIDO` from (((`tb_acces_token` `TOKEN` join `tb_aplicacao_cliente` `APLICACAO_CLIENTE` on((`APLICACAO_CLIENTE`.`COD_APLICACAO_CLIENTE` = `TOKEN`.`COD_APLICACAO_CLIENTE`))) join `rl_aplicacao_recurso` `RL` on((`RL`.`COD_APLICACAO_CLIENTE` = `TOKEN`.`COD_APLICACAO_CLIENTE`))) join `tb_recurso` `RECURSO` on((`RECURSO`.`COD_RECURSO` = `RL`.`COD_RECURSO`))) where (`RECURSO`.`IND_EXCLUIDO` = 0);


# Replace placeholder table for vw_menu_usuario_sistema with correct view syntax
# ------------------------------------------------------------

DROP TABLE `vw_menu_usuario_sistema`;

CREATE ALGORITHM=UNDEFINED DEFINER=`root`@`localhost` SQL SECURITY DEFINER VIEW `vw_menu_usuario_sistema`
AS SELECT
   `MENU`.`COD_MENU` AS `COD_MENU`,
   `MENU`.`COD_MENU_PAI` AS `COD_MENU_PAI`,
   `MENU`.`COD_SISTEMA` AS `COD_SISTEMA`,
   `MENU`.`IND_VISIVEL` AS `IND_VISIVEL`,
   `MENU`.`NOM_MENU` AS `NOM_MENU`,
   `MENU`.`NUM_ORDEM_MENU` AS `NUM_ORDEM_MENU`,
   `MENU`.`URL_PAGINA` AS `URL_PAGINA`,
   `MENU`.`DES_ICONE` AS `DES_ICONE`,
   `USUARIO_PERFIL`.`COD_USUARIO` AS `COD_USUARIO`
FROM (((`tb_menu` `MENU` join `rl_perfil_menu` `PERFIL_MENU` on((`PERFIL_MENU`.`COD_MENU` = `MENU`.`COD_MENU`))) join `tb_perfil` `PERFIL` on((`PERFIL`.`COD_PERFIL` = `PERFIL_MENU`.`COD_PERFIL`))) join `rl_usuario_perfil` `USUARIO_PERFIL` on(((`USUARIO_PERFIL`.`COD_PERFIL` = `PERFIL`.`COD_PERFIL`) and (`USUARIO_PERFIL`.`IND_EXCLUIDO` = 0))));


# Replace placeholder table for vw_usuario_responsavel with correct view syntax
# ------------------------------------------------------------

DROP TABLE `vw_usuario_responsavel`;

CREATE ALGORITHM=UNDEFINED DEFINER=`root`@`localhost` SQL SECURITY DEFINER VIEW `vw_usuario_responsavel`
AS SELECT
   `tb_usuario`.`COD_USUARIO` AS `COD_USUARIO`,
   `tb_usuario`.`NOM_USUARIO` AS `NOM_USUARIO`,
   `tb_usuario`.`NOM_LOGIN` AS `NOM_LOGIN`,
   `tb_usuario`.`DES_EMAIL` AS `DES_EMAIL`,
   `tb_usuario`.`IND_ATIVO` AS `IND_ATIVO`,
   `tb_usuario`.`IND_EXCLUIDO` AS `IND_EXCLUIDO`
FROM `tb_usuario`;

/*!40111 SET SQL_NOTES=@OLD_SQL_NOTES */;
/*!40101 SET SQL_MODE=@OLD_SQL_MODE */;
/*!40014 SET FOREIGN_KEY_CHECKS=@OLD_FOREIGN_KEY_CHECKS */;
/*!40101 SET CHARACTER_SET_CLIENT=@OLD_CHARACTER_SET_CLIENT */;
/*!40101 SET CHARACTER_SET_RESULTS=@OLD_CHARACTER_SET_RESULTS */;
/*!40101 SET COLLATION_CONNECTION=@OLD_COLLATION_CONNECTION */;
